[3/7005] uploaded article #005 with 1 files
[2/7005] uploaded article #003 with 1 files
[1/7005] uploaded article #001 with 1 files
[4/7005] uploaded article #006 with 1 files
[5/7005] uploaded article #017 with 1 files
[6/7005] uploaded article #020 with 1 files
[7/7005] uploaded article #021 with 1 files
[8/7005] uploaded article #022 1.6 with 1 files
[9/7005] uploaded article #023 with 1 files
[10/7005] uploaded article #80164 with 1 files
[11/7005] uploaded article 00.01 with 1 files
[12/7005] uploaded article 00.07 with 1 files
[13/7005] uploaded article 00.10 with 1 files
[14/7005] uploaded article 00.17 with 1 files
[15/7005] uploaded article 0000006 with 1 files
[16/7005] uploaded article 000003 with 1 files
[18/7005] uploaded article 000006 with 1 files
[17/7005] uploaded article 000005 with 1 files
[19/7005] uploaded article 000008 with 1 files
[20/7005] uploaded article 000009 with 1 files
[21/7005] uploaded article 000015 with 1 files
[22/7005] uploaded article 000038 with 1 files
[23/7005] uploaded article 000149 with 1 files
[24/7005] uploaded article 000166 with 1 files
[25/7005] uploaded article 000189 with 1 files
[26/7005] uploaded article 000191 with 1 files
[27/7005] uploaded article 000192 with 1 files
[29/7005] uploaded article 000200 with 1 files
[28/7005] uploaded article 000199 with 1 files
[30/7005] uploaded article 000207 with 1 files
[31/7005] uploaded article 000256 with 1 files
[32/7005] uploaded article 000281 with 1 files
[33/7005] uploaded article 000283 with 1 files
[35/7005] uploaded article 000286 with 1 files
[34/7005] uploaded article 000285 with 1 files
[36/7005] uploaded article 000288 with 1 files
[37/7005] uploaded article 000307 with 1 files
[38/7005] uploaded article 000328 with 1 files
[39/7005] uploaded article 000341 with 1 files
[41/7005] uploaded article 000349 with 1 files
[40/7005] uploaded article 000346 with 1 files
[42/7005] uploaded article 00037 with 1 files
[43/7005] uploaded article 00041 with 1 files
[44/7005] uploaded article 000421 with 1 files
[45/7005] uploaded article 000422 with 1 files
[46/7005] uploaded article 0004432 with 1 files
[47/7005] uploaded article 00045 with 1 files
[48/7005] uploaded article 000453 with 1 files
[49/7005] uploaded article 000495 with 1 files
[50/7005] uploaded article 000500 with 1 files
[51/7005] uploaded article 000554 with 1 files
[52/7005] uploaded article 000566 with 1 files
[53/7005] uploaded article 000594 with 1 files
[54/7005] uploaded article 000603 with 1 files
[55/7005] uploaded article 000622 with 1 files
[56/7005] uploaded article 000623 with 1 files
[58/7005] uploaded article 000641 with 1 files
[57/7005] uploaded article 000624 with 1 files
[59/7005] uploaded article 000642 with 1 files
[60/7005] uploaded article 000644 with 1 files
[61/7005] uploaded article 000662 with 1 files
[62/7005] uploaded article 000664 with 1 files
[63/7005] uploaded article 000674 with 1 files
[64/7005] uploaded article 000720 with 1 files
[65/7005] uploaded article 000723 with 1 files
[66/7005] uploaded article 000735 with 1 files
[67/7005] uploaded article 000736 with 1 files
[68/7005] uploaded article 000746 with 1 files
[69/7005] uploaded article 000792 with 1 files
[70/7005] uploaded article 000793 with 1 files
[71/7005] uploaded article 000798 with 1 files
[72/7005] uploaded article 000800 with 1 files
[74/7005] uploaded article 000835 with 1 files
[73/7005] uploaded article 000834 with 1 files
[75/7005] uploaded article 000836 with 1 files
[76/7005] uploaded article 000837 with 1 files
[77/7005] uploaded article 000838 with 1 files
[78/7005] uploaded article 000847 with 1 files
[79/7005] uploaded article 000849 with 1 files
[80/7005] uploaded article 000853 with 1 files
[81/7005] uploaded article 000856 with 1 files
[82/7005] uploaded article 000857 with 1 files
[83/7005] uploaded article 000858 with 1 files
[84/7005] uploaded article 000862 with 1 files
[85/7005] uploaded article 000863 with 1 files
[86/7005] uploaded article 000867 with 1 files
[88/7005] uploaded article 000924 with 1 files
[87/7005] uploaded article 000901 with 1 files
[89/7005] uploaded article 000967 with 1 files
[90/7005] uploaded article 000969 with 1 files
[91/7005] uploaded article 000973 with 1 files
[92/7005] uploaded article 000974 with 1 files
[93/7005] uploaded article 001 with 1 files
[94/7005] uploaded article 00127 with 1 files
[95/7005] uploaded article 001BLN with 1 files
[97/7005] uploaded article 003 with 1 files
[96/7005] uploaded article 002 with 1 files
[98/7005] uploaded article 004 with 1 files
[100/7005] uploaded article 00410gr with 1 files
[99/7005] uploaded article 00405gr with 1 files
[101/7005] uploaded article 005 with 1 files
[103/7005] uploaded article 007 with 1 files
[102/7005] uploaded article 006 with 1 files
[104/7005] uploaded article 0071BLN with 1 files
[105/7005] uploaded article 008 with 1 files
[106/7005] uploaded article 008R with 1 files
[107/7005] uploaded article 009542 with 1 files
[109/7005] uploaded article 01.31 with 1 files
[108/7005] uploaded article 01-007-400 with 1 files
[110/7005] uploaded article 01.32 with 1 files
[111/7005] uploaded article 01.33 with 1 files
[112/7005] uploaded article 01.90 with 1 files
[114/7005] uploaded article 013591 with 1 files
[113/7005] uploaded article 0120008 with 1 files
[115/7005] uploaded article 014293 with 1 files
[116/7005] uploaded article 015498 with 1 files
[117/7005] uploaded article 016900 with 1 files
[118/7005] uploaded article 016R with 1 files
[120/7005] uploaded article 018-232 with 1 files
[119/7005] uploaded article 0170082 with 1 files
[121/7005] uploaded article 0199 with 1 files
[122/7005] uploaded article 02-3 with 1 files
[123/7005] uploaded article 02.12 with 1 files
[124/7005] uploaded article 02.13 with 1 files
[126/7005] uploaded article 02.30 with 1 files
[125/7005] uploaded article 02.14 with 1 files
[127/7005] uploaded article 02.38 with 1 files
[128/7005] uploaded article 02.62 with 1 files
[129/7005] uploaded article 02.63 with 1 files
[131/7005] uploaded article 021454 with 1 files
[130/7005] uploaded article 021453 with 1 files
[132/7005] uploaded article 022595 with 1 files
[133/7005] uploaded article 022757 with 1 files
[134/7005] uploaded article 022760 with 1 files
[135/7005] uploaded article 022763 with 1 files
[136/7005] uploaded article 023-4 with 1 files
[137/7005] uploaded article 023-691 with 1 files
[138/7005] uploaded article 023247 with 1 files
[139/7005] uploaded article 023248 with 1 files
[140/7005] uploaded article 023249 with 1 files
[141/7005] uploaded article 023251 with 1 files
[142/7005] uploaded article 023252 with 1 files
[143/7005] uploaded article 023253 with 1 files
[144/7005] uploaded article 023255 with 1 files
[145/7005] uploaded article 029BLN with 1 files
[146/7005] uploaded article 03-02--04 10g with 1 files
[147/7005] uploaded article 03-02-04-10g with 1 files
[148/7005] uploaded article 03-15-04-10g with 1 files
[149/7005] uploaded article 03-16-02-04g with 1 files
[150/7005] uploaded article 03-16-04-10g with 1 files
[151/7005] uploaded article 03-2 with 1 files
[152/7005] uploaded article 03-23-02-04g with 1 files
[153/7005] uploaded article 03-24-03-06g with 1 files
[154/7005] uploaded article 03-24-04-10g with 1 files
[155/7005] uploaded article 03-25-03-06g with 1 files
[156/7005] uploaded article 03-25-04-10g with 1 files
[157/7005] uploaded article 03-26-03-06g with 1 files
[158/7005] uploaded article 03-26-04-10g with 1 files
[159/7005] uploaded article 04-04-02-05g with 1 files
[161/7005] uploaded article 04-16-03-07g with 1 files
[160/7005] uploaded article 04-14-02-05g with 1 files
[162/7005] uploaded article 04-17-03-007g with 1 files
[163/7005] uploaded article 04-17-04-10g with 1 files
[164/7005] uploaded article 04-18-02-05g with 1 files
[165/7005] uploaded article 04-18-03-07g with 1 files
[166/7005] uploaded article 04-18-04-10g with 1 files
[168/7005] uploaded article 04-19-04-10g with 1 files
[167/7005] uploaded article 04-19-03-07g with 1 files
[169/7005] uploaded article 04-20-02-05g with 1 files
[170/7005] uploaded article 04-20-03-07g with 1 files
[171/7005] uploaded article 04-20-04-10g with 1 files
[172/7005] uploaded article 04-22-04-10g with 1 files
[173/7005] uploaded article 04.19 with 1 files
[174/7005] uploaded article 04.20 with 1 files
[175/7005] uploaded article 04.24 with 1 files
[177/7005] uploaded article 04.26 with 1 files
[176/7005] uploaded article 04.25 with 1 files
[179/7005] uploaded article 04.72 with 1 files
[178/7005] uploaded article 04.27 with 1 files
[180/7005] uploaded article 04.89 with 1 files
[181/7005] uploaded article 04054B with 1 files
[183/7005] uploaded article 05.52 with 1 files
[182/7005] uploaded article 05-6 with 1 files
[184/7005] uploaded article 05.53 with 1 files
[185/7005] uploaded article 05.55 with 1 files
[186/7005] uploaded article 05.63 with 1 files
[187/7005] uploaded article 05.64 with 1 files
[189/7005] uploaded article 05.96 with 1 files
[188/7005] uploaded article 05.65 with 1 files
[190/7005] uploaded article 06.43 with 1 files
[191/7005] uploaded article 06.45 with 1 files
[192/7005] uploaded article 06.47 with 1 files
[193/7005] uploaded article 06.73 with 1 files
[194/7005] uploaded article 06.80 with 1 files
[195/7005] uploaded article 06.81 with 1 files
[196/7005] uploaded article 06.82 with 1 files
[198/7005] uploaded article 06.84 with 1 files
[197/7005] uploaded article 06.83 with 1 files
[199/7005] uploaded article 06.85 with 1 files
[200/7005] uploaded article 06140047 with 1 files
[201/7005] uploaded article 07-05-2+4-12g with 1 files
[202/7005] uploaded article 07-06-0+2-05g with 1 files
[203/7005] uploaded article 07-06-1+3-08g with 1 files
[204/7005] uploaded article 07-13-1+3-08g with 1 files
[205/7005] uploaded article 07-13-2+4-12g with 1 files
[206/7005] uploaded article 07-14-2+4-12g with 1 files
[207/7005] uploaded article 07-4 with 1 files
[209/7005] uploaded article 090B with 1 files
[208/7005] uploaded article 07-5 with 1 files
[210/7005] uploaded article 090F with 1 files
[211/7005] uploaded article 090J with 1 files
[212/7005] uploaded article 1 with 1 files
[214/7005] uploaded article 1.5 #016 with 1 files
[213/7005] uploaded article 1.5 #013 with 1 files
[215/7005] uploaded article 1.5 #019 with 1 files
[216/7005] uploaded article 1.5 #08 with 1 files
[217/7005] uploaded article 1.5#01 with 1 files
[218/7005] uploaded article 1.5#010 with 1 files
[219/7005] uploaded article 1.5#011 with 1 files
[220/7005] uploaded article 1.5#013 with 1 files
[221/7005] uploaded article 1.5#019 with 1 files
[222/7005] uploaded article 1.5#02 with 1 files
[223/7005] uploaded article 1.5#03 with 1 files
[224/7005] uploaded article 1.5#04 with 1 files
[225/7005] uploaded article 1.5#05 with 1 files
[226/7005] uploaded article 1.5#07 with 1 files
[227/7005] uploaded article 1.6#08 with 1 files
[228/7005] uploaded article 10-001A with 1 files
[229/7005] uploaded article 10-068 with 1 files
[230/7005] uploaded article 10-090 with 1 files
[231/7005] uploaded article 1000 with 1 files
[232/7005] uploaded article 1001 with 1 files
[233/7005] uploaded article 1002 with 1 files
[234/7005] uploaded article 10020221 with 1 files
[236/7005] uploaded article 1002121 with 1 files
[235/7005] uploaded article 10020222 with 1 files
[237/7005] uploaded article 1002122 with 1 files
[239/7005] uploaded article 1004 with 1 files
[238/7005] uploaded article 1003 with 1 files
[240/7005] uploaded article 1005 with 1 files
[241/7005] uploaded article 1006 with 1 files
[242/7005] uploaded article 100635 with 1 files
[243/7005] uploaded article 1007 with 1 files
[244/7005] uploaded article 1008 with 1 files
[245/7005] uploaded article 1009 with 1 files
[246/7005] uploaded article 100BLN with 1 files
[247/7005] uploaded article 100R with 1 files
[248/7005] uploaded article 1010 with 1 files
[249/7005] uploaded article 1011 with 1 files
[250/7005] uploaded article 1012 with 1 files
[251/7005] uploaded article 1013 with 1 files
[252/7005] uploaded article 1014 with 1 files
[254/7005] uploaded article 1016 with 1 files
[253/7005] uploaded article 1015 with 1 files
[256/7005] uploaded article 1018 with 1 files
[255/7005] uploaded article 1017 with 1 files
[257/7005] uploaded article 1019 with 1 files
[258/7005] uploaded article 101BLN with 1 files
[259/7005] uploaded article 1020 with 1 files
[260/7005] uploaded article 10205-600 with 1 files
[262/7005] uploaded article 10206-600 with 1 files
[261/7005] uploaded article 10206-500 with 1 files
[263/7005] uploaded article 1021 with 1 files
[264/7005] uploaded article 1022 with 1 files
[265/7005] uploaded article 1024 with 1 files
[266/7005] uploaded article 1025 with 1 files
[267/7005] uploaded article 1026 with 1 files
[268/7005] uploaded article 1027 with 1 files
[269/7005] uploaded article 1028 with 1 files
[270/7005] uploaded article 1029 with 1 files
[271/7005] uploaded article 102R with 1 files
[272/7005] uploaded article 1030 with 1 files
[273/7005] uploaded article 10314-600 with 1 files
[274/7005] uploaded article 1032 with 1 files
[275/7005] uploaded article 10325 with 1 files
[276/7005] uploaded article 1033 with 1 files
[277/7005] uploaded article 1034 with 1 files
[278/7005] uploaded article 1035 with 1 files
[279/7005] uploaded article 1036 with 1 files
[280/7005] uploaded article 1037 with 1 files
[282/7005] uploaded article 1039 with 1 files
[283/7005] uploaded article 1039100 with 1 files
[284/7005] uploaded article 1039101 with 1 files
[285/7005] uploaded article 1039102 with 1 files
[281/7005] uploaded article 1038 with 1 files
[286/7005] uploaded article 1039103 with 1 files
[287/7005] uploaded article 1039110 with 1 files
[288/7005] uploaded article 1039111 with 1 files
[289/7005] uploaded article 104 with 1 files
[290/7005] uploaded article 1040 with 1 files
[291/7005] uploaded article 1041 with 1 files
[293/7005] uploaded article 1043 with 1 files
[292/7005] uploaded article 1042 with 1 files
[295/7005] uploaded article 1045 with 1 files
[294/7005] uploaded article 1044 with 1 files
[296/7005] uploaded article 1046 with 1 files
[297/7005] uploaded article 1047 with 1 files
[299/7005] uploaded article 1049 with 1 files
[298/7005] uploaded article 1048 with 1 files
[300/7005] uploaded article 105 with 1 files
[301/7005] uploaded article 1050 with 1 files
[302/7005] uploaded article 1051 with 1 files
[303/7005] uploaded article 1052 with 1 files
[305/7005] uploaded article 1057 with 1 files
[304/7005] uploaded article 1056 with 1 files
[307/7005] uploaded article 1059 with 1 files
[306/7005] uploaded article 1058 with 1 files
[308/7005] uploaded article 106 with 1 files
[309/7005] uploaded article 1060 with 1 files
[310/7005] uploaded article 1061 with 1 files
[311/7005] uploaded article 1062 with 1 files
[312/7005] uploaded article 1063 with 1 files
[314/7005] uploaded article 1065 with 1 files
[313/7005] uploaded article 1064 with 1 files
[315/7005] uploaded article 1066 with 1 files
[316/7005] uploaded article 1067 with 1 files
[318/7005] uploaded article 1069 with 1 files
[319/7005] uploaded article 1070 with 1 files
[317/7005] uploaded article 1068 with 1 files
[320/7005] uploaded article 1071 with 1 files
[321/7005] uploaded article 1072 with 1 files
[322/7005] uploaded article 1073 with 1 files
[323/7005] uploaded article 1074 with 1 files
[324/7005] uploaded article 1075 with 1 files
[325/7005] uploaded article 10750 with 1 files
[327/7005] uploaded article 1077 with 1 files
[326/7005] uploaded article 1076 with 1 files
[328/7005] uploaded article 1078 with 1 files
[329/7005] uploaded article 1079 with 1 files
[330/7005] uploaded article 108 with 1 files
[331/7005] uploaded article 108-210 with 1 files
[333/7005] uploaded article 108-360 with 1 files
[332/7005] uploaded article 108-300 with 1 files
[334/7005] uploaded article 1080 with 1 files
[336/7005] uploaded article 1082 with 1 files
[335/7005] uploaded article 1081 with 1 files
[337/7005] uploaded article 1083 with 1 files
[338/7005] uploaded article 1084 with 1 files
[339/7005] uploaded article 1085 with 1 files
[340/7005] uploaded article 1086 with 1 files
[341/7005] uploaded article 1087 with 1 files
[342/7005] uploaded article 1088 with 1 files
[343/7005] uploaded article 1089 with 1 files
[345/7005] uploaded article 1090 with 1 files
[344/7005] uploaded article 109 with 1 files
[346/7005] uploaded article 1091 with 1 files
[347/7005] uploaded article 1091BLN with 1 files
[348/7005] uploaded article 1092 with 1 files
[349/7005] uploaded article 1093 with 1 files
[350/7005] uploaded article 1094 with 1 files
[351/7005] uploaded article 1095 with 1 files
[352/7005] uploaded article 1096 with 1 files
[353/7005] uploaded article 1097 with 1 files
[354/7005] uploaded article 1098 with 1 files
[355/7005] uploaded article 1099 with 1 files
[356/7005] uploaded article 110 with 1 files
[357/7005] uploaded article 110-22100 with 1 files
[358/7005] uploaded article 110-25100 with 1 files
[359/7005] uploaded article 1100 with 1 files
[360/7005] uploaded article 1101 with 1 files
[361/7005] uploaded article 1101BLN with 1 files
[362/7005] uploaded article 1102 with 1 files
[363/7005] uploaded article 1103 with 1 files
[364/7005] uploaded article 1104 with 1 files
[365/7005] uploaded article 11044BLN with 1 files
[366/7005] uploaded article 1105 with 1 files
[367/7005] uploaded article 1106 with 1 files
[368/7005] uploaded article 1107 with 1 files
[369/7005] uploaded article 1108 with 1 files
[370/7005] uploaded article 1109 with 1 files
[371/7005] uploaded article 1110 with 1 files
[372/7005] uploaded article 1111 with 1 files
[373/7005] uploaded article 1112 with 1 files
[374/7005] uploaded article 1113 with 1 files
[375/7005] uploaded article 1114 with 1 files
[376/7005] uploaded article 1115 with 1 files
[377/7005] uploaded article 1116 with 1 files
[378/7005] uploaded article 1117 with 1 files
[379/7005] uploaded article 1118 with 1 files
[380/7005] uploaded article 1119 with 1 files
[382/7005] uploaded article 112-3 with 1 files
[381/7005] uploaded article 111BLN with 1 files
[383/7005] uploaded article 1120 with 1 files
[385/7005] uploaded article 1121 with 1 files
[384/7005] uploaded article 112007066 with 1 files
[386/7005] uploaded article 1122 with 1 files
[388/7005] uploaded article 1124 with 1 files
[387/7005] uploaded article 1123 with 1 files
[389/7005] uploaded article 11248 with 1 files
[390/7005] uploaded article 1126 with 1 files
[391/7005] uploaded article 1127 with 1 files
[393/7005] uploaded article 1128-210 with 1 files
[392/7005] uploaded article 1128 with 1 files
[394/7005] uploaded article 1128-240 with 1 files
[396/7005] uploaded article 1128-300 with 1 files
[395/7005] uploaded article 1128-270 with 1 files
[397/7005] uploaded article 1128-360 with 1 files
[399/7005] uploaded article 112BLN with 1 files
[398/7005] uploaded article 1129 with 1 files
[400/7005] uploaded article 113 with 1 files
[402/7005] uploaded article 1131 with 1 files
[401/7005] uploaded article 1130 with 1 files
[403/7005] uploaded article 1133 with 1 files
[404/7005] uploaded article 1134 with 1 files
[405/7005] uploaded article 1135 with 1 files
[406/7005] uploaded article 1136 with 1 files
[408/7005] uploaded article 1138 with 1 files
[407/7005] uploaded article 1137 with 1 files
[409/7005] uploaded article 1139 with 1 files
[410/7005] uploaded article 1140 with 1 files
[411/7005] uploaded article 1141 with 1 files
[412/7005] uploaded article 1142 with 1 files
[414/7005] uploaded article 1144 with 1 files
[413/7005] uploaded article 1143 with 1 files
[415/7005] uploaded article 1145 with 1 files
[416/7005] uploaded article 1146 with 1 files
[417/7005] uploaded article 1147 with 1 files
[418/7005] uploaded article 1148 with 1 files
[419/7005] uploaded article 1149 with 1 files
[420/7005] uploaded article 1150 with 1 files
[421/7005] uploaded article 1151 with 1 files
[422/7005] uploaded article 1152 with 1 files
[423/7005] uploaded article 1153 with 1 files
[424/7005] uploaded article 1159 with 1 files
[425/7005] uploaded article 115BLN with 1 files
[426/7005] uploaded article 1160 with 1 files
[427/7005] uploaded article 1161 with 1 files
[429/7005] uploaded article 1163 with 1 files
[428/7005] uploaded article 1162 with 1 files
[430/7005] uploaded article 1164 with 1 files
[431/7005] uploaded article 1165 with 1 files
[432/7005] uploaded article 1166 with 1 files
[433/7005] uploaded article 1167 with 1 files
[435/7005] uploaded article 1169 with 1 files
[434/7005] uploaded article 1168 with 1 files
[436/7005] uploaded article 117 with 1 files
[438/7005] uploaded article 1171 with 1 files
[437/7005] uploaded article 1170 with 1 files
[439/7005] uploaded article 1172 with 1 files
[441/7005] uploaded article 1175 with 1 files
[440/7005] uploaded article 1173 with 1 files
[442/7005] uploaded article 1176 with 1 files
[444/7005] uploaded article 1178 with 1 files
[443/7005] uploaded article 1177 with 1 files
[445/7005] uploaded article 1179 with 1 files
[447/7005] uploaded article 1180 with 1 files
[446/7005] uploaded article 118-2,5 with 1 files
[448/7005] uploaded article 1181 with 1 files
[450/7005] uploaded article 1183 with 1 files
[449/7005] uploaded article 1182 with 1 files
[451/7005] uploaded article 1184 with 1 files
[452/7005] uploaded article 1185 with 1 files
[453/7005] uploaded article 1186 with 1 files
[454/7005] uploaded article 1187 with 1 files
[455/7005] uploaded article 1188 with 1 files
[456/7005] uploaded article 1189 with 1 files
[457/7005] uploaded article 1190 with 1 files
[458/7005] uploaded article 1191 with 1 files
[459/7005] uploaded article 1192 with 1 files
[460/7005] uploaded article 1193 with 1 files
[461/7005] uploaded article 1194 with 1 files
[462/7005] uploaded article 1195 with 1 files
[463/7005] uploaded article 1196 with 1 files
[464/7005] uploaded article 1197 with 1 files
[465/7005] uploaded article 1198 with 1 files
[466/7005] uploaded article 1199 with 1 files
[468/7005] uploaded article 12-014 with 1 files
[467/7005] uploaded article 12 with 1 files
[469/7005] uploaded article 12-019 with 1 files
[471/7005] uploaded article 12-20-003 with 1 files
[470/7005] uploaded article 12-101 with 1 files
[472/7005] uploaded article 12-20-004 with 1 files
[474/7005] uploaded article 12-21-004 with 1 files
[473/7005] uploaded article 12-21-003 with 1 files
[475/7005] uploaded article 12-23-003 with 1 files
[476/7005] uploaded article 12-26-003 with 1 files
[477/7005] uploaded article 12-26-004 with 1 files
[478/7005] uploaded article 1200 with 1 files
[479/7005] uploaded article 1203 with 1 files
[480/7005] uploaded article 1206 with 1 files
[481/7005] uploaded article 1207 with 1 files
[482/7005] uploaded article 1208 with 1 files
[483/7005] uploaded article 1209 with 1 files
[484/7005] uploaded article 121001360 with 1 files
[485/7005] uploaded article 1219 with 1 files
[486/7005] uploaded article 12200402 with 1 files
[487/7005] uploaded article 1221 with 1 files
[488/7005] uploaded article 1222 with 1 files
[489/7005] uploaded article 1224 with 1 files
[490/7005] uploaded article 12245 with 1 files
[492/7005] uploaded article 1226 with 1 files
[491/7005] uploaded article 1225 with 1 files
[493/7005] uploaded article 122626 with 1 files
[494/7005] uploaded article 122632 with 1 files
[495/7005] uploaded article 122633 with 1 files
[496/7005] uploaded article 122635 with 1 files
[497/7005] uploaded article 122654 with 1 files
[498/7005] uploaded article 1227 with 1 files
[499/7005] uploaded article 122700 with 1 files
[500/7005] uploaded article 122706 with 1 files
[501/7005] uploaded article 1228 with 1 files
[502/7005] uploaded article 1229 with 1 files
[503/7005] uploaded article 1230 with 1 files
[504/7005] uploaded article 1231 with 1 files
[505/7005] uploaded article 1232 with 1 files
[507/7005] uploaded article 1234 with 1 files
[506/7005] uploaded article 1233 with 1 files
[508/7005] uploaded article 1238 with 1 files
[509/7005] uploaded article 1239 with 1 files
[510/7005] uploaded article 1240 with 1 files
[513/7005] uploaded article 1243 with 1 files
[512/7005] uploaded article 1242 with 1 files
[511/7005] uploaded article 1241 with 1 files
[514/7005] uploaded article 1244 with 1 files
[515/7005] uploaded article 1245 with 1 files
[516/7005] uploaded article 1246 with 1 files
[517/7005] uploaded article 1247 with 1 files
[518/7005] uploaded article 1248 with 1 files
[519/7005] uploaded article 1249 with 1 files
[520/7005] uploaded article 125 with 1 files
[521/7005] uploaded article 1250 with 1 files
[522/7005] uploaded article 1251 with 1 files
[523/7005] uploaded article 1252 with 1 files
[524/7005] uploaded article 1253 with 1 files
[525/7005] uploaded article 1254 with 1 files
[526/7005] uploaded article 1255 with 1 files
[527/7005] uploaded article 1256 with 1 files
[528/7005] uploaded article 1257 with 1 files
[529/7005] uploaded article 1258 with 1 files
[530/7005] uploaded article 1259 with 1 files
[531/7005] uploaded article 126 with 1 files
[532/7005] uploaded article 1260 with 1 files
[533/7005] uploaded article 126006390 with 1 files
[534/7005] uploaded article 126018390 with 1 files
[535/7005] uploaded article 1261 with 1 files
[537/7005] uploaded article 1267 with 1 files
[536/7005] uploaded article 1266 with 1 files
[538/7005] uploaded article 1268 with 1 files
[539/7005] uploaded article 1269 with 1 files
[540/7005] uploaded article 127 with 1 files
[541/7005] uploaded article 1270 with 1 files
[542/7005] uploaded article 1271 with 1 files
[543/7005] uploaded article 1272 with 1 files
[544/7005] uploaded article 1273 with 1 files
[546/7005] uploaded article 12751-013 with 1 files
[545/7005] uploaded article 12751-010 with 1 files
[547/7005] uploaded article 12751-016 with 1 files
[548/7005] uploaded article 12751-018 with 1 files
[549/7005] uploaded article 1278 with 1 files
[550/7005] uploaded article 1279 with 1 files
[551/7005] uploaded article 128 with 1 files
[552/7005] uploaded article 128-4 with 1 files
[553/7005] uploaded article 128-5 with 1 files
[555/7005] uploaded article 1281 with 1 files
[554/7005] uploaded article 1280 with 1 files
[556/7005] uploaded article 1282 with 1 files
[558/7005] uploaded article 1285 with 1 files
[557/7005] uploaded article 1284 with 1 files
[559/7005] uploaded article 1286 with 1 files
[560/7005] uploaded article 1287 with 1 files
[561/7005] uploaded article 1288 with 1 files
[562/7005] uploaded article 1289 with 1 files
[563/7005] uploaded article 129 with 1 files
[564/7005] uploaded article 1290 with 1 files
[565/7005] uploaded article 1291 with 1 files
[566/7005] uploaded article 1292 with 1 files
[567/7005] uploaded article 1293 with 1 files
[568/7005] uploaded article 1294 with 1 files
[569/7005] uploaded article 1295 with 1 files
[570/7005] uploaded article 1296 with 1 files
[571/7005] uploaded article 1297 with 1 files
[572/7005] uploaded article 1298 with 1 files
[573/7005] uploaded article 1299 with 1 files
[574/7005] uploaded article 13 with 1 files
[575/7005] uploaded article 13-001 with 1 files
[576/7005] uploaded article 13-01-003 with 1 files
[577/7005] uploaded article 13-017 with 1 files
[578/7005] uploaded article 13-03-003 with 1 files
[579/7005] uploaded article 13-1921 with 1 files
[580/7005] uploaded article 13-20-003 with 1 files
[581/7005] uploaded article 13-20-004 with 1 files
[582/7005] uploaded article 13-21-004 with 1 files
[583/7005] uploaded article 13-23-003 with 1 files
[584/7005] uploaded article 13-4 with 1 files
[585/7005] uploaded article 13-5 with 1 files
[586/7005] uploaded article 13-6 with 1 files
[587/7005] uploaded article 13-7 with 1 files
[588/7005] uploaded article 130 with 1 files
[589/7005] uploaded article 1300 with 1 files
[590/7005] uploaded article 1301 with 1 files
[591/7005] uploaded article 1302 with 1 files
[592/7005] uploaded article 1303 with 1 files
[593/7005] uploaded article 1304 with 1 files
[594/7005] uploaded article 1306 with 1 files
[595/7005] uploaded article 1307 with 1 files
[596/7005] uploaded article 13079 with 1 files
[597/7005] uploaded article 1308 with 1 files
[598/7005] uploaded article 13081 with 1 files
[599/7005] uploaded article 1309 with 1 files
[601/7005] uploaded article 1310 with 1 files
[600/7005] uploaded article 131 with 1 files
[602/7005] uploaded article 1311 with 1 files
[603/7005] uploaded article 1312 with 1 files
[604/7005] uploaded article 1313 with 1 files
[605/7005] uploaded article 1314 with 1 files
[606/7005] uploaded article 1315 with 1 files
[607/7005] uploaded article 1316 with 1 files
[608/7005] uploaded article 1317 with 1 files
[610/7005] uploaded article 1319 with 1 files
[609/7005] uploaded article 1318 with 1 files
[611/7005] uploaded article 132 with 1 files
[612/7005] uploaded article 1320 with 1 files
[613/7005] uploaded article 1321 with 1 files
[614/7005] uploaded article 1322 with 1 files
[616/7005] uploaded article 1324 with 1 files
[615/7005] uploaded article 1323 with 1 files
[617/7005] uploaded article 1325 with 1 files
[618/7005] uploaded article 1326 with 1 files
[619/7005] uploaded article 1327 with 1 files
[620/7005] uploaded article 1328 with 1 files
[621/7005] uploaded article 1329 with 1 files
[622/7005] uploaded article 133 with 1 files
[623/7005] uploaded article 1330 with 1 files
[624/7005] uploaded article 1331 with 1 files
[625/7005] uploaded article 1332 with 1 files
[626/7005] uploaded article 1333 with 1 files
[627/7005] uploaded article 1334 with 1 files
[628/7005] uploaded article 1335 with 1 files
[630/7005] uploaded article 1337 with 1 files
[629/7005] uploaded article 1336 with 1 files
[631/7005] uploaded article 1338 with 1 files
[632/7005] uploaded article 1339 with 1 files
[633/7005] uploaded article 1339310 with 1 files
[634/7005] uploaded article 1339320 with 1 files
[635/7005] uploaded article 134 with 1 files
[636/7005] uploaded article 1340 with 1 files
[637/7005] uploaded article 1341 with 1 files
[639/7005] uploaded article 1343 with 1 files
[638/7005] uploaded article 1342 with 1 files
[640/7005] uploaded article 1344 with 1 files
[642/7005] uploaded article 1346 with 1 files
[641/7005] uploaded article 1345 with 1 files
[643/7005] uploaded article 1347 with 1 files
[644/7005] uploaded article 1348 with 1 files
[645/7005] uploaded article 1349 with 1 files
[646/7005] uploaded article 135 with 1 files
[647/7005] uploaded article 1356 with 1 files
[648/7005] uploaded article 1357 with 1 files
[649/7005] uploaded article 1358 with 1 files
[650/7005] uploaded article 1359 with 1 files
[651/7005] uploaded article 136 with 1 files
[652/7005] uploaded article 1361 with 1 files
[654/7005] uploaded article 1363 with 1 files
[653/7005] uploaded article 1362 with 1 files
[655/7005] uploaded article 137 with 1 files
[656/7005] uploaded article 1375 with 1 files
[657/7005] uploaded article 1376 with 1 files
[658/7005] uploaded article 1377 with 1 files
[660/7005] uploaded article 1379 with 1 files
[659/7005] uploaded article 1378 with 1 files
[661/7005] uploaded article 138 with 1 files
[663/7005] uploaded article 1381 with 1 files
[662/7005] uploaded article 1380 with 1 files
[664/7005] uploaded article 1382 with 1 files
[666/7005] uploaded article 1384 with 1 files
[665/7005] uploaded article 1383 with 1 files
[667/7005] uploaded article 1385 with 1 files
[668/7005] uploaded article 1386 with 1 files
[669/7005] uploaded article 1387 with 1 files
[670/7005] uploaded article 1388 with 1 files
[671/7005] uploaded article 1389 with 1 files
[672/7005] uploaded article 139 with 1 files
[673/7005] uploaded article 139-2 with 1 files
[674/7005] uploaded article 1390 with 1 files
[675/7005] uploaded article 1391 with 1 files
[676/7005] uploaded article 1392 with 1 files
[677/7005] uploaded article 1393 with 1 files
[678/7005] uploaded article 1394 with 1 files
[679/7005] uploaded article 1395 with 1 files
[680/7005] uploaded article 1396 with 1 files
[681/7005] uploaded article 1397 with 1 files
[682/7005] uploaded article 1398 with 1 files
[683/7005] uploaded article 1399 with 1 files
[684/7005] uploaded article 14 with 1 files
[686/7005] uploaded article 14-017 with 1 files
[685/7005] uploaded article 14-001 with 1 files
[687/7005] uploaded article 140 with 1 files
[688/7005] uploaded article 1400 with 1 files
[689/7005] uploaded article 1401 with 1 files
[690/7005] uploaded article 140101-F08 with 1 files
[691/7005] uploaded article 140101-PA19 with 1 files
[692/7005] uploaded article 140101-T65 with 1 files
[693/7005] uploaded article 140102-085 with 1 files
[694/7005] uploaded article 140102-F08 with 1 files
[695/7005] uploaded article 140102-PA01 with 1 files
[696/7005] uploaded article 140102-PA17 with 1 files
[697/7005] uploaded article 140102-PA19 with 1 files
[698/7005] uploaded article 140102-S07 with 1 files
[699/7005] uploaded article 140102-S10 with 1 files
[700/7005] uploaded article 140102-S14 with 1 files
[701/7005] uploaded article 140102-S26 with 1 files
[702/7005] uploaded article 140102-S88 with 1 files
[703/7005] uploaded article 140103- S88 with 1 files
[704/7005] uploaded article 140103-033 with 1 files
[705/7005] uploaded article 140103-071 with 1 files
[706/7005] uploaded article 140103-F08 with 1 files
[707/7005] uploaded article 140103-MIX1 with 1 files
[708/7005] uploaded article 140103-MIX2 with 1 files
[709/7005] uploaded article 140103-PA01 with 1 files
[710/7005] uploaded article 140103-PA03 with 1 files
[711/7005] uploaded article 140103-PA19 with 1 files
[712/7005] uploaded article 140103-S08 with 1 files
[713/7005] uploaded article 140103-S63 with 1 files
[714/7005] uploaded article 140103-S88 with 1 files
[715/7005] uploaded article 140103-T18 with 1 files
[716/7005] uploaded article 140103-T26 with 1 files
[718/7005] uploaded article 140103-T45 with 1 files
[717/7005] uploaded article 140103-T44 with 1 files
[719/7005] uploaded article 140103-T47 with 1 files
[720/7005] uploaded article 140103-T48 with 1 files
[721/7005] uploaded article 140103-T50 with 1 files
[722/7005] uploaded article 140103-T51 with 1 files
[723/7005] uploaded article 140103-T52 with 1 files
[724/7005] uploaded article 140103-T65 with 1 files
[725/7005] uploaded article 140103-T66 with 1 files
[726/7005] uploaded article 140103-T69 with 1 files
[727/7005] uploaded article 140103-Ò65 with 1 files
[728/7005] uploaded article 140104-PA19 with 1 files
[729/7005] uploaded article 140104-T26 with 1 files
[730/7005] uploaded article 140104-T45 with 1 files
[731/7005] uploaded article 140104-T48 with 1 files
[732/7005] uploaded article 140104-T51 with 1 files
[733/7005] uploaded article 140104-T54 with 1 files
[734/7005] uploaded article 140104-T56 with 1 files
[735/7005] uploaded article 140104-T57 with 1 files
[736/7005] uploaded article 140104-T65 with 1 files
[737/7005] uploaded article 140104-T68 with 1 files
[738/7005] uploaded article 140109-037 with 1 files
[739/7005] uploaded article 140109-PA03 with 1 files
[740/7005] uploaded article 140109-S18 with 1 files
[741/7005] uploaded article 140109-S19 with 1 files
[742/7005] uploaded article 140109-SB05 with 1 files
[743/7005] uploaded article 140110-S08 with 1 files
[744/7005] uploaded article 140112-S10 with 1 files
[745/7005] uploaded article 140119-071 with 1 files
[746/7005] uploaded article 140119-085 with 1 files
[747/7005] uploaded article 140119-MIX1 with 1 files
[748/7005] uploaded article 140119-PA17 with 1 files
[749/7005] uploaded article 140119-S07 with 1 files
[750/7005] uploaded article 140119-S10 with 1 files
[751/7005] uploaded article 140119-S14 with 1 files
[752/7005] uploaded article 140119-S26 with 1 files
[754/7005] uploaded article 140119-S88 with 1 files
[753/7005] uploaded article 140119-S63 with 1 files
[755/7005] uploaded article 140119-T05 with 1 files
[756/7005] uploaded article 140119-T18 with 1 files
[757/7005] uploaded article 140119-T44 with 1 files
[759/7005] uploaded article 140119-T51 with 1 files
[758/7005] uploaded article 140119-T50 with 1 files
[760/7005] uploaded article 140119-T52 with 1 files
[761/7005] uploaded article 140119-T53 with 1 files
[762/7005] uploaded article 140119-T54 with 1 files
[763/7005] uploaded article 140119-T56 with 1 files
[764/7005] uploaded article 140119-T57 with 1 files
[765/7005] uploaded article 140119T65 with 1 files
[766/7005] uploaded article 140127-PA03 with 1 files
[767/7005] uploaded article 140127-T65 with 1 files
[768/7005] uploaded article 140127-T69 with 1 files
[769/7005] uploaded article 140128-071 with 1 files
[770/7005] uploaded article 140128-CA35 with 1 files
[771/7005] uploaded article 140128-S15 with 1 files
[772/7005] uploaded article 140149-033 with 1 files
[773/7005] uploaded article 140149-071 with 1 files
[774/7005] uploaded article 140149-085 with 1 files
[775/7005] uploaded article 140149-F08 with 1 files
[776/7005] uploaded article 140149-PA03 with 1 files
[777/7005] uploaded article 140149-S14 with 1 files
[778/7005] uploaded article 140166-033 with 1 files
[779/7005] uploaded article 140166-085 with 1 files
[780/7005] uploaded article 140166-P19 with 1 files
[781/7005] uploaded article 140166-PA19 with 1 files
[782/7005] uploaded article 140166-S08 with 1 files
[783/7005] uploaded article 140166-S13 with 1 files
[784/7005] uploaded article 140166-T18 with 1 files
[785/7005] uploaded article 140166-T44 with 1 files
[786/7005] uploaded article 140166-T52 with 1 files
[787/7005] uploaded article 140166-T53 with 1 files
[788/7005] uploaded article 140166-T56 with 1 files
[789/7005] uploaded article 140166-T57 with 1 files
[790/7005] uploaded article 140166-T65 with 1 files
[791/7005] uploaded article 140167-033 with 1 files
[792/7005] uploaded article 140167-PA03 with 1 files
[793/7005] uploaded article 140167-T56 with 1 files
[794/7005] uploaded article 140167-T65 with 1 files
[795/7005] uploaded article 140168-085 with 1 files
[796/7005] uploaded article 140168-T53 with 1 files
[797/7005] uploaded article 140168-T56 with 1 files
[798/7005] uploaded article 140168-T65 with 1 files
[799/7005] uploaded article 140168-Ò44 with 1 files
[800/7005] uploaded article 1402 with 1 files
[801/7005] uploaded article 1403 with 1 files
[802/7005] uploaded article 1404 with 1 files
[803/7005] uploaded article 1405 with 1 files
[804/7005] uploaded article 1406 with 1 files
[805/7005] uploaded article 1407 with 1 files
[806/7005] uploaded article 1408 with 1 files
[807/7005] uploaded article 1409 with 1 files
[808/7005] uploaded article 141 with 1 files
[809/7005] uploaded article 1410 with 1 files
[810/7005] uploaded article 1411 with 1 files
[811/7005] uploaded article 1412 with 1 files
[812/7005] uploaded article 1413 with 1 files
[813/7005] uploaded article 1414 with 1 files
[814/7005] uploaded article 1415 with 1 files
[815/7005] uploaded article 1416 with 1 files
[816/7005] uploaded article 1417 with 1 files
[817/7005] uploaded article 1418 with 1 files
[820/7005] uploaded article 1420 with 1 files
[818/7005] uploaded article 1419 with 1 files
[819/7005] uploaded article 142 with 1 files
[821/7005] uploaded article 1421 with 1 files
[822/7005] uploaded article 14210Â with 1 files
[823/7005] uploaded article 1422 with 1 files
[824/7005] uploaded article 1423 with 1 files
[826/7005] uploaded article 1425 with 1 files
[825/7005] uploaded article 1424 with 1 files
[827/7005] uploaded article 1426 with 1 files
[829/7005] uploaded article 1428 with 1 files
[828/7005] uploaded article 1427 with 1 files
[830/7005] uploaded article 1429 with 1 files
[832/7005] uploaded article 1430 with 1 files
[831/7005] uploaded article 143 with 1 files
[833/7005] uploaded article 1431 with 1 files
[834/7005] uploaded article 1432 with 1 files
[835/7005] uploaded article 1433 with 1 files
[836/7005] uploaded article 1434 with 1 files
[837/7005] uploaded article 1435 with 1 files
[839/7005] uploaded article 1437 with 1 files
[838/7005] uploaded article 1436 with 1 files
[840/7005] uploaded article 1438 with 1 files
[841/7005] uploaded article 1439 with 1 files
[842/7005] uploaded article 144 with 1 files
[844/7005] uploaded article 1441 with 1 files
[845/7005] uploaded article 1442 with 1 files
[843/7005] uploaded article 1440 with 1 files
[846/7005] uploaded article 1443 with 1 files
[848/7005] uploaded article 1445 with 1 files
[847/7005] uploaded article 1444 with 1 files
[851/7005] uploaded article 1448 with 1 files
[850/7005] uploaded article 1447 with 1 files
[849/7005] uploaded article 1446 with 1 files
[852/7005] uploaded article 1449 with 1 files
[853/7005] uploaded article 145 with 1 files
[854/7005] uploaded article 1450 with 1 files
[855/7005] uploaded article 1451 with 1 files
[856/7005] uploaded article 1452 with 1 files
[857/7005] uploaded article 1453 with 1 files
[860/7005] uploaded article 1456 with 1 files
[858/7005] uploaded article 1454 with 1 files
[859/7005] uploaded article 1455 with 1 files
[861/7005] uploaded article 1457 with 1 files
[862/7005] uploaded article 1458 with 1 files
[863/7005] uploaded article 1459 with 1 files
[865/7005] uploaded article 1460 with 1 files
[867/7005] uploaded article 1462 with 1 files
[864/7005] uploaded article 146 with 1 files
[866/7005] uploaded article 1461 with 1 files
[869/7005] uploaded article 1464 with 1 files
[868/7005] uploaded article 1463 with 1 files
[870/7005] uploaded article 1465 with 1 files
[872/7005] uploaded article 1467 with 1 files
[871/7005] uploaded article 1466 with 1 files
[873/7005] uploaded article 1468 with 1 files
[875/7005] uploaded article 147 with 1 files
[874/7005] uploaded article 1469 with 1 files
[876/7005] uploaded article 1470 with 1 files
[878/7005] uploaded article 1472 with 1 files
[877/7005] uploaded article 1471 with 1 files
[879/7005] uploaded article 1473 with 1 files
[880/7005] uploaded article 1474 with 1 files
[881/7005] uploaded article 1475 with 1 files
[882/7005] uploaded article 1476 with 1 files
[883/7005] uploaded article 1477 with 1 files
[884/7005] uploaded article 1479 with 1 files
[886/7005] uploaded article 1480 with 1 files
[885/7005] uploaded article 148 with 1 files
[887/7005] uploaded article 1481 with 1 files
[888/7005] uploaded article 1482 with 1 files
[889/7005] uploaded article 1483 with 1 files
[890/7005] uploaded article 1484 with 1 files
[892/7005] uploaded article 1486 with 1 files
[891/7005] uploaded article 1485 with 1 files
[893/7005] uploaded article 1487 with 1 files
[894/7005] uploaded article 1488 with 1 files
[895/7005] uploaded article 1489 with 1 files
[896/7005] uploaded article 149 with 1 files
[898/7005] uploaded article 1491 with 1 files
[897/7005] uploaded article 1490 with 1 files
[899/7005] uploaded article 1492 with 1 files
[900/7005] uploaded article 1493 with 1 files
[901/7005] uploaded article 1494 with 1 files
[902/7005] uploaded article 1495 with 1 files
[903/7005] uploaded article 1496 with 1 files
[904/7005] uploaded article 1497 with 1 files
[905/7005] uploaded article 1498 with 1 files
[906/7005] uploaded article 1499 with 1 files
[908/7005] uploaded article 15-05 with 1 files
[907/7005] uploaded article 15-018 with 1 files
[909/7005] uploaded article 15-08 with 1 files
[911/7005] uploaded article 1500 with 1 files
[910/7005] uploaded article 150 with 1 files
[912/7005] uploaded article 1501 with 1 files
[915/7005] uploaded article 1504 with 1 files
[913/7005] uploaded article 1502 with 1 files
[914/7005] uploaded article 1503 with 1 files
[917/7005] uploaded article 1506 with 1 files
[916/7005] uploaded article 1505 with 1 files
[918/7005] uploaded article 1507 with 1 files
[920/7005] uploaded article 1509 with 1 files
[919/7005] uploaded article 1508 with 1 files
[921/7005] uploaded article 15095 with 1 files
[922/7005] uploaded article 15096 with 1 files
[924/7005] uploaded article 1510 with 1 files
[923/7005] uploaded article 151 with 1 files
[925/7005] uploaded article 1511 with 1 files
[927/7005] uploaded article 1513 with 1 files
[926/7005] uploaded article 1512 with 1 files
[928/7005] uploaded article 1514 with 1 files
[929/7005] uploaded article 1515 with 1 files
[930/7005] uploaded article 1516 with 1 files
[931/7005] uploaded article 1517 with 1 files
[932/7005] uploaded article 1518 with 1 files
[933/7005] uploaded article 1519 with 1 files
[935/7005] uploaded article 1520 with 1 files
[934/7005] uploaded article 152 with 1 files
[936/7005] uploaded article 1521 with 1 files
[937/7005] uploaded article 1522 with 1 files
[938/7005] uploaded article 1523 with 1 files
[939/7005] uploaded article 1524 with 1 files
[941/7005] uploaded article 1526 with 1 files
[940/7005] uploaded article 1525 with 1 files
[942/7005] uploaded article 1527 with 1 files
[944/7005] uploaded article 1529 with 1 files
[943/7005] uploaded article 1528 with 1 files
[945/7005] uploaded article 153 with 1 files
[946/7005] uploaded article 1530 with 1 files
[947/7005] uploaded article 1531 with 1 files
[948/7005] uploaded article 1532 with 1 files
[949/7005] uploaded article 1533 with 1 files
[950/7005] uploaded article 1534 with 1 files
[951/7005] uploaded article 1535 with 1 files
[953/7005] uploaded article 15364 with 1 files
[952/7005] uploaded article 1536 with 1 files
[955/7005] uploaded article 1537 with 1 files
[954/7005] uploaded article 15365 with 1 files
[956/7005] uploaded article 1538 with 1 files
[959/7005] uploaded article 1540 with 1 files
[957/7005] uploaded article 1539 with 1 files
[958/7005] uploaded article 154 with 1 files
[962/7005] uploaded article 1543 with 1 files
[961/7005] uploaded article 1542 with 1 files
[960/7005] uploaded article 1541 with 1 files
[963/7005] uploaded article 1544 with 1 files
[964/7005] uploaded article 1545 with 1 files
[965/7005] uploaded article 1546 with 1 files
[966/7005] uploaded article 1547 with 1 files
[968/7005] uploaded article 1549 with 1 files
[967/7005] uploaded article 1548 with 1 files
[970/7005] uploaded article 155-4 with 1 files
[969/7005] uploaded article 155 with 1 files
[971/7005] uploaded article 155-5 with 1 files
[972/7005] uploaded article 155-6 with 1 files
[973/7005] uploaded article 155-7 with 1 files
[974/7005] uploaded article 1550 with 1 files
[976/7005] uploaded article 1551.00.12 with 1 files
[975/7005] uploaded article 1551 with 1 files
[977/7005] uploaded article 1551.00.58 with 1 files
[978/7005] uploaded article 1551.00.64 with 1 files
[979/7005] uploaded article 1551.01.53 with 1 files
[980/7005] uploaded article 1551.01.61 with 1 files
[981/7005] uploaded article 1551.01.77 with 1 files
[982/7005] uploaded article 1551.01.80 with 1 files
[983/7005] uploaded article 1551.02.81 with 1 files
[984/7005] uploaded article 1551.03.10 with 1 files
[985/7005] uploaded article 1551.03.12 with 1 files
[986/7005] uploaded article 1551.03.13 with 1 files
[987/7005] uploaded article 1551.03.14 with 1 files
[988/7005] uploaded article 1551.03.36 with 1 files
[989/7005] uploaded article 1551.03.53 with 1 files
[990/7005] uploaded article 1551.03.54 with 1 files
[991/7005] uploaded article 1551.03.66 with 1 files
[992/7005] uploaded article 1551.03.85 with 1 files
[993/7005] uploaded article 1551.03.86 with 1 files
[994/7005] uploaded article 1551.03.88 with 1 files
[995/7005] uploaded article 1551.04.19 with 1 files
[997/7005] uploaded article 1551.04.21 with 1 files
[996/7005] uploaded article 1551.04.20 with 1 files
[998/7005] uploaded article 1551.04.23 with 1 files
[999/7005] uploaded article 1551.04.24 with 1 files
[1000/7005] uploaded article 1551.04.25 with 1 files
[1001/7005] uploaded article 1551.04.28 with 1 files
[1002/7005] uploaded article 1551.04.55 with 1 files
[1003/7005] uploaded article 1551.04.56 with 1 files
[1005/7005] uploaded article 1551.04.60 with 1 files
[1004/7005] uploaded article 1551.04.59 with 1 files
[1006/7005] uploaded article 1551.04.61 with 1 files
[1008/7005] uploaded article 1551.04.63 with 1 files
[1009/7005] uploaded article 1551.04.65 with 1 files
[1007/7005] uploaded article 1551.04.62 with 1 files
[1010/7005] uploaded article 1551.04.66 with 1 files
[1012/7005] uploaded article 1551.04.69 with 1 files
[1011/7005] uploaded article 1551.04.67 with 1 files
[1013/7005] uploaded article 1551.04.72 with 1 files
[1015/7005] uploaded article 1551.04.81 with 1 files
[1014/7005] uploaded article 1551.04.74 with 1 files
[1016/7005] uploaded article 1551.04.83 with 1 files
[1017/7005] uploaded article 1551.04.92 with 1 files
[1018/7005] uploaded article 1551.04.97 with 1 files
[1019/7005] uploaded article 1551.05.04 with 1 files
[1020/7005] uploaded article 1551.05.20 with 1 files
[1021/7005] uploaded article 1551.05.22 with 1 files
[1022/7005] uploaded article 1551.05.24 with 1 files
[1023/7005] uploaded article 1551.05.27 with 1 files
[1024/7005] uploaded article 1551.05.29 with 1 files
[1025/7005] uploaded article 1551.05.31 with 1 files
[1026/7005] uploaded article 1551.05.40 with 1 files
[1027/7005] uploaded article 1551.05.46 with 1 files
[1028/7005] uploaded article 1551.05.47 with 1 files
[1029/7005] uploaded article 1551.05.56 with 1 files
[1030/7005] uploaded article 1551.05.89 with 1 files
[1031/7005] uploaded article 1551.05.91 with 1 files
[1032/7005] uploaded article 1551.06.02 with 1 files
[1033/7005] uploaded article 1551.06.04 with 1 files
[1034/7005] uploaded article 1551.06.11 with 1 files
[1035/7005] uploaded article 1551.06.12 with 1 files
[1036/7005] uploaded article 1551.06.50 with 1 files
[1037/7005] uploaded article 1551.06.53 with 1 files
[1039/7005] uploaded article 1551.06.60 with 1 files
[1038/7005] uploaded article 1551.06.59 with 1 files
[1040/7005] uploaded article 1551.06.69 with 1 files
[1041/7005] uploaded article 1551.06.72 with 1 files
[1042/7005] uploaded article 1551.06.73 with 1 files
[1043/7005] uploaded article 1551.07.72 with 1 files
[1044/7005] uploaded article 1551.07.74 with 1 files
[1045/7005] uploaded article 1551.09.59 with 1 files
[1046/7005] uploaded article 1551.09.93 with 1 files
[1047/7005] uploaded article 1551.09.95 with 1 files
[1049/7005] uploaded article 1551.09.97 with 1 files
[1048/7005] uploaded article 1551.09.96 with 1 files
[1050/7005] uploaded article 1551.09.98 with 1 files
[1051/7005] uploaded article 1551.10.21 with 1 files
[1052/7005] uploaded article 1551.10.79 with 1 files
[1053/7005] uploaded article 1551.10.82 with 1 files
[1054/7005] uploaded article 1551.11.06 with 1 files
[1055/7005] uploaded article 1551.11.08 with 1 files
[1056/7005] uploaded article 1551.11.10 with 1 files
[1057/7005] uploaded article 1551.11.11 with 1 files
[1058/7005] uploaded article 1551.11.12 with 1 files
[1059/7005] uploaded article 1551.11.13 with 1 files
[1060/7005] uploaded article 1551.11.14 with 1 files
[1061/7005] uploaded article 1551.11.21 with 1 files
[1062/7005] uploaded article 1551.11.26 with 1 files
[1063/7005] uploaded article 1551.11.35 with 1 files
[1064/7005] uploaded article 1551.11.51 with 1 files
[1067/7005] uploaded article 1551.11.67 with 1 files
[1066/7005] uploaded article 1551.11.65 with 1 files
[1069/7005] uploaded article 1551.11.74 with 1 files
[1068/7005] uploaded article 1551.11.73 with 1 files
[1065/7005] uploaded article 1551.11.52 with 1 files
[1071/7005] uploaded article 1551.11.76 with 1 files
[1070/7005] uploaded article 1551.11.75 with 1 files
[1072/7005] uploaded article 1551.11.79 with 1 files
[1073/7005] uploaded article 1551.11.82 with 1 files
[1075/7005] uploaded article 1551.11.85 with 1 files
[1074/7005] uploaded article 1551.11.84 with 1 files
[1076/7005] uploaded article 1551.11.88 with 1 files
[1077/7005] uploaded article 1551.12.12 with 1 files
[1078/7005] uploaded article 1551.13.00 with 1 files
[1079/7005] uploaded article 1551.13.01 with 1 files
[1080/7005] uploaded article 1551.13.02 with 1 files
[1081/7005] uploaded article 1551.13.03 with 1 files
[1082/7005] uploaded article 1551.13.06 with 1 files
[1083/7005] uploaded article 1551.13.12 with 1 files
[1084/7005] uploaded article 1551.13.92 with 1 files
[1085/7005] uploaded article 1551.13.96 with 1 files
[1086/7005] uploaded article 1551.13.99 with 1 files
[1087/7005] uploaded article 1551.14.02 with 1 files
[1088/7005] uploaded article 1551.14.08 with 1 files
[1089/7005] uploaded article 1551.14.10 with 1 files
[1090/7005] uploaded article 1551.14.11 with 1 files
[1091/7005] uploaded article 1551.14.29 with 1 files
[1092/7005] uploaded article 1551.14.30 with 1 files
[1093/7005] uploaded article 1551.14.33 with 1 files
[1094/7005] uploaded article 1551.14.34 with 1 files
[1095/7005] uploaded article 1551.14.39 with 1 files
[1096/7005] uploaded article 1551.14.40 with 1 files
[1097/7005] uploaded article 1551.14.41 with 1 files
[1098/7005] uploaded article 1551.14.42 with 1 files
[1099/7005] uploaded article 1551.14.43 with 1 files
[1100/7005] uploaded article 1551.14.44 with 1 files
[1101/7005] uploaded article 1551.14.45 with 1 files
[1102/7005] uploaded article 1551.14.46 with 1 files
[1103/7005] uploaded article 1551.14.47 with 1 files
[1104/7005] uploaded article 1551.14.48 with 1 files
[1105/7005] uploaded article 1551.14.49 with 1 files
[1106/7005] uploaded article 1551.14.50 with 1 files
[1107/7005] uploaded article 1551.14.77 with 1 files
[1108/7005] uploaded article 1551.14.81 with 1 files
[1109/7005] uploaded article 1551.14.89 with 1 files
[1110/7005] uploaded article 1551.14.90 with 1 files
[1111/7005] uploaded article 1551.14.91 with 1 files
[1112/7005] uploaded article 1551.14.92 with 1 files
[1113/7005] uploaded article 1551.19.93 with 1 files
[1114/7005] uploaded article 1552 with 1 files
[1115/7005] uploaded article 1553 with 1 files
[1116/7005] uploaded article 1554 with 1 files
[1117/7005] uploaded article 1555 with 1 files
[1118/7005] uploaded article 1556 with 1 files
[1119/7005] uploaded article 1557 with 1 files
[1120/7005] uploaded article 1558 with 1 files
[1121/7005] uploaded article 1559 with 1 files
[1122/7005] uploaded article 156 with 1 files
[1123/7005] uploaded article 156-2 with 1 files
[1124/7005] uploaded article 156-3 with 1 files
[1125/7005] uploaded article 1560 with 1 files
[1126/7005] uploaded article 1561 with 1 files
[1127/7005] uploaded article 1562 with 1 files
[1128/7005] uploaded article 1563 with 1 files
[1129/7005] uploaded article 1564 with 1 files
[1130/7005] uploaded article 1565 with 1 files
[1131/7005] uploaded article 1566 with 1 files
[1132/7005] uploaded article 1567 with 1 files
[1133/7005] uploaded article 1568 with 1 files
[1134/7005] uploaded article 1569 with 1 files
[1135/7005] uploaded article 157 with 1 files
[1136/7005] uploaded article 1570 with 1 files
[1137/7005] uploaded article 1571 with 1 files
[1138/7005] uploaded article 1572 with 1 files
[1139/7005] uploaded article 1573 with 1 files
[1140/7005] uploaded article 1574 with 1 files
[1141/7005] uploaded article 1575 with 1 files
[1142/7005] uploaded article 1576 with 1 files
[1143/7005] uploaded article 1577 with 1 files
[1145/7005] uploaded article 1579 with 1 files
[1144/7005] uploaded article 1578 with 1 files
[1146/7005] uploaded article 158 with 1 files
[1148/7005] uploaded article 1581 with 1 files
[1147/7005] uploaded article 1580 with 1 files
[1149/7005] uploaded article 1582 with 1 files
[1151/7005] uploaded article 1584 with 1 files
[1150/7005] uploaded article 1583 with 1 files
[1152/7005] uploaded article 1585 with 1 files
[1154/7005] uploaded article 1587 with 1 files
[1153/7005] uploaded article 1586 with 1 files
[1155/7005] uploaded article 1588 with 1 files
[1156/7005] uploaded article 1589 with 1 files
[1157/7005] uploaded article 159 with 1 files
[1158/7005] uploaded article 1590 with 1 files
[1159/7005] uploaded article 1590.01.69 with 1 files
[1160/7005] uploaded article 1590.02.50 with 1 files
[1161/7005] uploaded article 1590.02.64 with 1 files
[1162/7005] uploaded article 1590.02.68 with 1 files
[1163/7005] uploaded article 1590.02.71 with 1 files
[1164/7005] uploaded article 1590.03.23 with 1 files
[1165/7005] uploaded article 1590.03.28 with 1 files
[1166/7005] uploaded article 1590.03.32 with 1 files
[1167/7005] uploaded article 1591 with 1 files
[1168/7005] uploaded article 1592 with 1 files
[1169/7005] uploaded article 1593 with 1 files
[1170/7005] uploaded article 1594 with 1 files
[1171/7005] uploaded article 1595 with 1 files
[1172/7005] uploaded article 1596 with 1 files
[1173/7005] uploaded article 1597 with 1 files
[1174/7005] uploaded article 1598 with 1 files
[1175/7005] uploaded article 1599 with 1 files
[1176/7005] uploaded article 16#240 with 1 files
[1178/7005] uploaded article 1600 with 1 files
[1179/7005] uploaded article 1601 with 1 files
[1177/7005] uploaded article 160 with 1 files
[1180/7005] uploaded article 1602 with 1 files
[1182/7005] uploaded article 1604 with 1 files
[1181/7005] uploaded article 1603 with 1 files
[1185/7005] uploaded article 1607 with 1 files
[1184/7005] uploaded article 1606 with 1 files
[1183/7005] uploaded article 1605 with 1 files
[1186/7005] uploaded article 1608 with 1 files
[1187/7005] uploaded article 1609 with 1 files
[1188/7005] uploaded article 161 with 1 files
[1189/7005] uploaded article 1610 with 1 files
[1190/7005] uploaded article 1611 with 1 files
[1191/7005] uploaded article 1612 with 1 files
[1192/7005] uploaded article 1613 with 1 files
[1193/7005] uploaded article 1614 with 1 files
[1194/7005] uploaded article 1615 with 1 files
[1195/7005] uploaded article 1616 with 1 files
[1196/7005] uploaded article 1617 with 1 files
[1197/7005] uploaded article 1618 with 1 files
[1198/7005] uploaded article 1619 with 1 files
[1199/7005] uploaded article 162 with 1 files
[1200/7005] uploaded article 1620 with 1 files
[1201/7005] uploaded article 1620602 with 1 files
[1202/7005] uploaded article 1620603 with 1 files
[1203/7005] uploaded article 1620604 with 1 files
[1204/7005] uploaded article 1621 with 1 files
[1205/7005] uploaded article 1622 with 1 files
[1206/7005] uploaded article 1623 with 1 files
[1209/7005] uploaded article 1626 with 1 files
[1208/7005] uploaded article 1625 with 1 files
[1207/7005] uploaded article 1624 with 1 files
[1211/7005] uploaded article 1628 with 1 files
[1210/7005] uploaded article 1627 with 1 files
[1213/7005] uploaded article 163 with 1 files
[1214/7005] uploaded article 1630 with 1 files
[1212/7005] uploaded article 1629 with 1 files
[1215/7005] uploaded article 1630031 with 1 files
[1217/7005] uploaded article 1632 with 1 files
[1216/7005] uploaded article 1631 with 1 files
[1218/7005] uploaded article 1633 with 1 files
[1220/7005] uploaded article 1635 with 1 files
[1219/7005] uploaded article 1634 with 1 files
[1221/7005] uploaded article 1636 with 1 files
[1222/7005] uploaded article 1637 with 1 files
[1223/7005] uploaded article 1638 with 1 files
[1224/7005] uploaded article 1639 with 1 files
[1225/7005] uploaded article 1640 with 1 files
[1226/7005] uploaded article 1641 with 1 files
[1227/7005] uploaded article 1642 with 1 files
[1229/7005] uploaded article 1644 with 1 files
[1228/7005] uploaded article 1643 with 1 files
[1230/7005] uploaded article 1645 with 1 files
[1232/7005] uploaded article 1647 with 1 files
[1231/7005] uploaded article 1646 with 1 files
[1233/7005] uploaded article 1648 with 1 files
[1235/7005] uploaded article 1650 with 1 files
[1234/7005] uploaded article 1649 with 1 files
[1236/7005] uploaded article 1651 with 1 files
[1238/7005] uploaded article 1667 with 1 files
[1237/7005] uploaded article 1652 with 1 files
[1239/7005] uploaded article 1679 with 1 files
[1241/7005] uploaded article 168-2 with 1 files
[1240/7005] uploaded article 168 with 1 files
[1242/7005] uploaded article 1680 with 1 files
[1243/7005] uploaded article 1681 with 1 files
[1244/7005] uploaded article 1682 with 1 files
[1246/7005] uploaded article 1684 with 1 files
[1245/7005] uploaded article 1683 with 1 files
[1247/7005] uploaded article 1685 with 1 files
[1248/7005] uploaded article 1686 with 1 files
[1249/7005] uploaded article 1687 with 1 files
[1250/7005] uploaded article 1688 with 1 files
[1252/7005] uploaded article 1690 with 1 files
[1253/7005] uploaded article 1691 with 1 files
[1251/7005] uploaded article 1689 with 1 files
[1254/7005] uploaded article 1692 with 1 files
[1255/7005] uploaded article 1693 with 1 files
[1256/7005] uploaded article 1693.06.07 with 1 files
[1257/7005] uploaded article 1693.06.11 with 1 files
[1258/7005] uploaded article 1693.06.12 with 1 files
[1259/7005] uploaded article 1693.06.77 with 1 files
[1260/7005] uploaded article 1693.07.32 with 1 files
[1261/7005] uploaded article 1693.07.33 with 1 files
[1262/7005] uploaded article 1693.07.42 with 1 files
[1263/7005] uploaded article 1693.07.43 with 1 files
[1264/7005] uploaded article 1693.07.45 with 1 files
[1265/7005] uploaded article 1693.07.46 with 1 files
[1267/7005] uploaded article 1693.11.64 with 1 files
[1268/7005] uploaded article 1693.11.65 with 1 files
[1269/7005] uploaded article 1693.11.66 with 1 files
[1270/7005] uploaded article 1693.11.67 with 1 files
[1271/7005] uploaded article 1693.11.74 with 1 files
[1272/7005] uploaded article 1693.11.75 with 1 files
[1266/7005] uploaded article 1693.11.62 with 1 files
[1273/7005] uploaded article 1693.11.76 with 1 files
[1274/7005] uploaded article 1693.11.77 with 1 files
[1275/7005] uploaded article 1693.11.78 with 1 files
[1276/7005] uploaded article 1693.11.79 with 1 files
[1278/7005] uploaded article 1693.11.81 with 1 files
[1277/7005] uploaded article 1693.11.80 with 1 files
[1279/7005] uploaded article 1693.11.82 with 1 files
[1280/7005] uploaded article 1693.11.83 with 1 files
[1281/7005] uploaded article 1693.11.84 with 1 files
[1282/7005] uploaded article 1693.11.85 with 1 files
[1283/7005] uploaded article 1693.11.86 with 1 files
[1284/7005] uploaded article 1693.11.87 with 1 files
[1285/7005] uploaded article 1693.11.88 with 1 files
[1286/7005] uploaded article 1693.11.89 with 1 files
[1287/7005] uploaded article 1693.51.06 with 1 files
[1288/7005] uploaded article 1693.51.07 with 1 files
[1289/7005] uploaded article 1693.51.18 with 1 files
[1290/7005] uploaded article 1693.51.19 with 1 files
[1291/7005] uploaded article 1693.51.22 with 1 files
[1292/7005] uploaded article 1693.70.99 with 1 files
[1293/7005] uploaded article 1693.71.00 with 1 files
[1294/7005] uploaded article 1693.71.01 with 1 files
[1296/7005] uploaded article 1693.71.03 with 1 files
[1295/7005] uploaded article 1693.71.02 with 1 files
[1297/7005] uploaded article 1693.71.04 with 1 files
[1298/7005] uploaded article 1693.71.06 with 1 files
[1299/7005] uploaded article 1694 with 1 files
[1300/7005] uploaded article 1695 with 1 files
[1302/7005] uploaded article 1697 with 1 files
[1301/7005] uploaded article 1696 with 1 files
[1303/7005] uploaded article 1697.00.26 with 1 files
[1305/7005] uploaded article 1699 with 1 files
[1304/7005] uploaded article 1698 with 1 files
[1306/7005] uploaded article 17 with 1 files
[1307/7005] uploaded article 17-55 with 1 files
[1308/7005] uploaded article 1700 with 1 files
[1309/7005] uploaded article 1701 with 1 files
[1311/7005] uploaded article 1702Ò with 1 files
[1310/7005] uploaded article 1702 with 1 files
[1312/7005] uploaded article 1703 with 1 files
[1314/7005] uploaded article 1704 with 1 files
[1313/7005] uploaded article 1703Ò with 1 files
[1315/7005] uploaded article 1705 with 1 files
[1317/7005] uploaded article 1707 with 1 files
[1316/7005] uploaded article 1706 with 1 files
[1318/7005] uploaded article 1708 with 1 files
[1320/7005] uploaded article 171 with 1 files
[1319/7005] uploaded article 1709 with 1 files
[1321/7005] uploaded article 1710 with 1 files
[1323/7005] uploaded article 1712 with 1 files
[1322/7005] uploaded article 1711 with 1 files
[1324/7005] uploaded article 1713 with 1 files
[1325/7005] uploaded article 1714 with 1 files
[1326/7005] uploaded article 1715 with 1 files
[1327/7005] uploaded article 1716 with 1 files
[1328/7005] uploaded article 1717 with 1 files
[1329/7005] uploaded article 1718 with 1 files
[1330/7005] uploaded article 1719 with 1 files
[1331/7005] uploaded article 172 with 1 files
[1332/7005] uploaded article 1720 with 1 files
[1333/7005] uploaded article 1721 with 1 files
[1334/7005] uploaded article 1722 with 1 files
[1335/7005] uploaded article 1723 with 1 files
[1336/7005] uploaded article 1724 with 1 files
[1337/7005] uploaded article 1725 with 1 files
[1338/7005] uploaded article 1726 with 1 files
[1339/7005] uploaded article 1727 with 1 files
[1340/7005] uploaded article 1728 with 1 files
[1341/7005] uploaded article 1729 with 1 files
[1342/7005] uploaded article 173 with 1 files
[1344/7005] uploaded article 1731 with 1 files
[1343/7005] uploaded article 1730 with 1 files
[1345/7005] uploaded article 1732 with 1 files
[1346/7005] uploaded article 1733 with 1 files
[1347/7005] uploaded article 1734 with 1 files
[1348/7005] uploaded article 1735 with 1 files
[1349/7005] uploaded article 1736 with 1 files
[1350/7005] uploaded article 1737 with 1 files
[1351/7005] uploaded article 1738 with 1 files
[1352/7005] uploaded article 1739 with 1 files
[1353/7005] uploaded article 174 with 1 files
[1354/7005] uploaded article 1740 with 1 files
[1355/7005] uploaded article 1741 with 1 files
[1357/7005] uploaded article 1744 with 1 files
[1356/7005] uploaded article 1743 with 1 files
[1360/7005] uploaded article 1748 with 1 files
[1359/7005] uploaded article 1747 with 1 files
[1358/7005] uploaded article 1746 with 1 files
[1361/7005] uploaded article 1749 with 1 files
[1363/7005] uploaded article 1750 with 1 files
[1362/7005] uploaded article 175 with 1 files
[1364/7005] uploaded article 1751 with 1 files
[1365/7005] uploaded article 1752 with 1 files
[1366/7005] uploaded article 1753 with 1 files
[1367/7005] uploaded article 1754 with 1 files
[1368/7005] uploaded article 1755 with 1 files
[1369/7005] uploaded article 1756 with 1 files
[1370/7005] uploaded article 1757 with 1 files
[1371/7005] uploaded article 1758 with 1 files
[1372/7005] uploaded article 1759 with 1 files
[1373/7005] uploaded article 176 with 1 files
[1374/7005] uploaded article 1760 with 1 files
[1375/7005] uploaded article 1761 with 1 files
[1376/7005] uploaded article 1762 with 1 files
[1377/7005] uploaded article 1763 with 1 files
[1378/7005] uploaded article 1766 with 1 files
[1379/7005] uploaded article 1767 with 1 files
[1381/7005] uploaded article 1769 with 1 files
[1380/7005] uploaded article 1768 with 1 files
[1382/7005] uploaded article 177 with 1 files
[1384/7005] uploaded article 1771 with 1 files
[1383/7005] uploaded article 1770 with 1 files
[1385/7005] uploaded article 1772 with 1 files
[1386/7005] uploaded article 1773 with 1 files
[1387/7005] uploaded article 1774 with 1 files
[1388/7005] uploaded article 1775 with 1 files
[1389/7005] uploaded article 1776 with 1 files
[1390/7005] uploaded article 1777 with 1 files
[1391/7005] uploaded article 1778 with 1 files
[1392/7005] uploaded article 1779 with 1 files
[1393/7005] uploaded article 178 with 1 files
[1394/7005] uploaded article 1780 with 1 files
[1395/7005] uploaded article 1781 with 1 files
[1396/7005] uploaded article 1782 with 1 files
[1397/7005] uploaded article 1783 with 1 files
[1398/7005] uploaded article 1784 with 1 files
[1399/7005] uploaded article 1785 with 1 files
[1400/7005] uploaded article 1786 with 1 files
[1401/7005] uploaded article 1787 with 1 files
[1402/7005] uploaded article 179 with 1 files
[1403/7005] uploaded article 1791 with 1 files
[1404/7005] uploaded article 1792 with 1 files
[1405/7005] uploaded article 1793 with 1 files
[1406/7005] uploaded article 1794 with 1 files
[1407/7005] uploaded article 1795 with 1 files
[1408/7005] uploaded article 1796 with 1 files
[1409/7005] uploaded article 1797 with 1 files
[1410/7005] uploaded article 1798 with 1 files
[1411/7005] uploaded article 1799 with 1 files
[1412/7005] uploaded article 18 with 1 files
[1413/7005] uploaded article 18 702 980 with 1 files
[1414/7005] uploaded article 18 703 385 with 1 files
[1415/7005] uploaded article 18 703 390 with 1 files
[1417/7005] uploaded article 1800 with 1 files
[1418/7005] uploaded article 1801 with 1 files
[1416/7005] uploaded article 180 with 1 files
[1419/7005] uploaded article 1802 with 1 files
[1420/7005] uploaded article 1803 with 1 files
[1421/7005] uploaded article 1804 with 1 files
[1422/7005] uploaded article 1805 with 1 files
[1423/7005] uploaded article 1806 with 1 files
[1424/7005] uploaded article 1807 with 1 files
[1425/7005] uploaded article 1808 with 1 files
[1426/7005] uploaded article 1809 with 1 files
[1427/7005] uploaded article 181 with 1 files
[1428/7005] uploaded article 1810 with 1 files
[1429/7005] uploaded article 1811 with 1 files
[1430/7005] uploaded article 1812 with 1 files
[1431/7005] uploaded article 1813 with 1 files
[1432/7005] uploaded article 1814 with 1 files
[1433/7005] uploaded article 1815 with 1 files
[1434/7005] uploaded article 1816 with 1 files
[1435/7005] uploaded article 1817 with 1 files
[1437/7005] uploaded article 1819 with 1 files
[1436/7005] uploaded article 1818 with 1 files
[1438/7005] uploaded article 182 with 1 files
[1439/7005] uploaded article 1820 with 1 files
[1440/7005] uploaded article 1821 with 1 files
[1441/7005] uploaded article 1822 with 1 files
[1443/7005] uploaded article 1826 with 1 files
[1442/7005] uploaded article 1823 with 1 files
[1444/7005] uploaded article 1827 with 1 files
[1445/7005] uploaded article 1828 with 1 files
[1446/7005] uploaded article 1829 with 1 files
[1447/7005] uploaded article 183 with 1 files
[1448/7005] uploaded article 1830 with 1 files
[1449/7005] uploaded article 1830.33.82 with 1 files
[1450/7005] uploaded article 1831 with 1 files
[1451/7005] uploaded article 1832 with 1 files
[1452/7005] uploaded article 1833 with 1 files
[1453/7005] uploaded article 1834 with 1 files
[1454/7005] uploaded article 1835 with 1 files
[1455/7005] uploaded article 1836 with 1 files
[1456/7005] uploaded article 1837 with 1 files
[1457/7005] uploaded article 1838 with 1 files
[1458/7005] uploaded article 1839060 with 1 files
[1459/7005] uploaded article 184 with 1 files
[1460/7005] uploaded article 1840 with 1 files
[1462/7005] uploaded article 1845 with 1 files
[1461/7005] uploaded article 1844 with 1 files
[1463/7005] uploaded article 1846 with 1 files
[1465/7005] uploaded article 1848 with 1 files
[1464/7005] uploaded article 1847 with 1 files
[1466/7005] uploaded article 1849 with 1 files
[1467/7005] uploaded article 185 with 1 files
[1468/7005] uploaded article 1850 with 1 files
[1469/7005] uploaded article 1851 with 1 files
[1471/7005] uploaded article 1853 with 1 files
[1470/7005] uploaded article 1852 with 1 files
[1472/7005] uploaded article 1854 with 1 files
[1474/7005] uploaded article 1856 with 1 files
[1473/7005] uploaded article 1855 with 1 files
[1475/7005] uploaded article 1857 with 1 files
[1476/7005] uploaded article 1858 with 1 files
[1477/7005] uploaded article 1858.24.65 with 1 files
[1478/7005] uploaded article 1858.24.87 with 1 files
[1479/7005] uploaded article 1858.24.88 with 1 files
[1480/7005] uploaded article 1858.24.93 with 1 files
[1481/7005] uploaded article 1858.24.96 with 1 files
[1482/7005] uploaded article 1858.24.97 with 1 files
[1483/7005] uploaded article 1858.25.22 with 1 files
[1484/7005] uploaded article 1858.25.35 with 1 files
[1485/7005] uploaded article 1858.40.75 with 1 files
[1486/7005] uploaded article 1858.40.76 with 1 files
[1487/7005] uploaded article 1858.41.56 with 1 files
[1488/7005] uploaded article 1858.41.57 with 1 files
[1489/7005] uploaded article 1858.41.68 with 1 files
[1490/7005] uploaded article 1858.41.70 with 1 files
[1492/7005] uploaded article 1858.41.87 with 1 files
[1491/7005] uploaded article 1858.41.86 with 1 files
[1493/7005] uploaded article 1858.41.88 with 1 files
[1494/7005] uploaded article 1858.41.90 with 1 files
[1495/7005] uploaded article 1858.42.14 with 1 files
[1496/7005] uploaded article 1858.42.52 with 1 files
[1497/7005] uploaded article 1858.42.53 with 1 files
[1498/7005] uploaded article 1858.42.54 with 1 files
[1499/7005] uploaded article 1858.42.94 with 1 files
[1501/7005] uploaded article 1858.44.52 with 1 files
[1500/7005] uploaded article 1858.44.51 with 1 files
[1502/7005] uploaded article 1858.44.53 with 1 files
[1503/7005] uploaded article 1858.44.54 with 1 files
[1504/7005] uploaded article 1858.45.34 with 1 files
[1505/7005] uploaded article 1858.45.35 with 1 files
[1506/7005] uploaded article 1858.46.80 with 1 files
[1507/7005] uploaded article 1858.46.81 with 1 files
[1508/7005] uploaded article 1858.52.10 with 1 files
[1510/7005] uploaded article 1858.53.49 with 1 files
[1509/7005] uploaded article 1858.52.11 with 1 files
[1511/7005] uploaded article 1858.53.50 with 1 files
[1512/7005] uploaded article 1858.53.51 with 1 files
[1513/7005] uploaded article 1858.53.52 with 1 files
[1514/7005] uploaded article 1858.54.74 with 1 files
[1515/7005] uploaded article 1858.54.96 with 1 files
[1516/7005] uploaded article 1858.60.06 with 1 files
[1517/7005] uploaded article 1858.60.10 with 1 files
[1518/7005] uploaded article 1858.60.12 with 1 files
[1519/7005] uploaded article 1858.60.15 with 1 files
[1520/7005] uploaded article 1858.60.19 with 1 files
[1521/7005] uploaded article 1858.60.31 with 1 files
[1522/7005] uploaded article 1858.60.44 with 1 files
[1523/7005] uploaded article 1858.60.46 with 1 files
[1524/7005] uploaded article 1858.60.47 with 1 files
[1525/7005] uploaded article 1858.60.51 with 1 files
[1526/7005] uploaded article 1858.60.54 with 1 files
[1527/7005] uploaded article 1858.60.55 with 1 files
[1528/7005] uploaded article 1858.60.56 with 1 files
[1529/7005] uploaded article 1858.60.61 with 1 files
[1530/7005] uploaded article 1858.60.63 with 1 files
[1531/7005] uploaded article 1858.60.65 with 1 files
[1532/7005] uploaded article 1858.60.77 with 1 files
[1533/7005] uploaded article 1858.60.86 with 1 files
[1534/7005] uploaded article 1858.61.10 with 1 files
[1535/7005] uploaded article 1858.61.16 with 1 files
[1537/7005] uploaded article 1858.82.66 with 1 files
[1536/7005] uploaded article 1858.61.17 with 1 files
[1538/7005] uploaded article 1859 with 1 files
[1540/7005] uploaded article 1860 with 1 files
[1539/7005] uploaded article 186 with 1 files
[1541/7005] uploaded article 1861 with 1 files
[1542/7005] uploaded article 1862 with 1 files
[1543/7005] uploaded article 1863 with 1 files
[1544/7005] uploaded article 1864 with 1 files
[1545/7005] uploaded article 1865 with 1 files
[1546/7005] uploaded article 1865000 with 1 files
[1547/7005] uploaded article 1866 with 1 files
[1548/7005] uploaded article 1867 with 1 files
[1549/7005] uploaded article 1868 with 1 files
[1550/7005] uploaded article 1869 with 1 files
[1552/7005] uploaded article 1870 with 1 files
[1551/7005] uploaded article 187 with 1 files
[1553/7005] uploaded article 1870.03.93 with 1 files
[1554/7005] uploaded article 1870.03.96 with 1 files
[1555/7005] uploaded article 1870.03.97 with 1 files
[1556/7005] uploaded article 1870.04.06 with 1 files
[1557/7005] uploaded article 1870.04.09 with 1 files
[1558/7005] uploaded article 1870.04.10 with 1 files
[1561/7005] uploaded article 1870.04.22 with 1 files
[1559/7005] uploaded article 1870.04.16 with 1 files
[1560/7005] uploaded article 1870.04.19 with 1 files
[1564/7005] uploaded article 1870.05.89 with 1 files
[1563/7005] uploaded article 1870.05.69 with 1 files
[1562/7005] uploaded article 1870.05.62 with 1 files
[1565/7005] uploaded article 1870.05.92 with 1 files
[1566/7005] uploaded article 1870.06.89 with 1 files
[1567/7005] uploaded article 1870.06.95 with 1 files
[1569/7005] uploaded article 1870.08.43 with 1 files
[1570/7005] uploaded article 1870.08.45 with 1 files
[1568/7005] uploaded article 1870.07.98 with 1 files
[1572/7005] uploaded article 1870.08.87 with 1 files
[1571/7005] uploaded article 1870.08.55 with 1 files
[1573/7005] uploaded article 1870.11.33 with 1 files
[1574/7005] uploaded article 1870.11.44 with 1 files
[1575/7005] uploaded article 1870.11.48 with 1 files
[1576/7005] uploaded article 1870.11.50 with 1 files
[1578/7005] uploaded article 1870.11.73 with 1 files
[1579/7005] uploaded article 1870.11.76 with 1 files
[1577/7005] uploaded article 1870.11.51 with 1 files
[1581/7005] uploaded article 1870.18.14 with 1 files
[1580/7005] uploaded article 1870.18.13 with 1 files
[1582/7005] uploaded article 1870.24.27 with 1 files
[1583/7005] uploaded article 1870.24.28 with 1 files
[1584/7005] uploaded article 1870.24.30 with 1 files
[1585/7005] uploaded article 1870.24.33 with 1 files
[1588/7005] uploaded article 1870.24.37 with 1 files
[1586/7005] uploaded article 1870.24.34 with 1 files
[1587/7005] uploaded article 1870.24.36 with 1 files
[1590/7005] uploaded article 1870.24.39 with 1 files
[1589/7005] uploaded article 1870.24.38 with 1 files
[1591/7005] uploaded article 1870.24.43 with 1 files
[1593/7005] uploaded article 1870.24.46 with 1 files
[1592/7005] uploaded article 1870.24.44 with 1 files
[1594/7005] uploaded article 1870.24.48 with 1 files
[1597/7005] uploaded article 1870.24.51 with 1 files
[1596/7005] uploaded article 1870.24.50 with 1 files
[1595/7005] uploaded article 1870.24.49 with 1 files
[1600/7005] uploaded article 1870.24.56 with 1 files
[1598/7005] uploaded article 1870.24.52 with 1 files
[1599/7005] uploaded article 1870.24.55 with 1 files
[1601/7005] uploaded article 1870.24.57 with 1 files
[1603/7005] uploaded article 1870.24.62 with 1 files
[1602/7005] uploaded article 1870.24.60 with 1 files
[1604/7005] uploaded article 1870.24.64 with 1 files
[1606/7005] uploaded article 1870.24.67 with 1 files
[1605/7005] uploaded article 1870.24.65 with 1 files
[1607/7005] uploaded article 1870.24.98 with 1 files
[1608/7005] uploaded article 1870.25.24 with 1 files
[1609/7005] uploaded article 1870.25.25 with 1 files
[1610/7005] uploaded article 1870.25.26 with 1 files
[1611/7005] uploaded article 1870.25.27 with 1 files
[1613/7005] uploaded article 1870.25.62 with 1 files
[1614/7005] uploaded article 1870.25.64 with 1 files
[1615/7005] uploaded article 1870.26.07 with 1 files
[1616/7005] uploaded article 1870.26.26 with 1 files
[1612/7005] uploaded article 1870.25.29 with 1 files
[1617/7005] uploaded article 1870.26.28 with 1 files
[1618/7005] uploaded article 1870.26.30 with 1 files
[1619/7005] uploaded article 1870.26.95 with 1 files
[1620/7005] uploaded article 1870.27.34 with 1 files
[1621/7005] uploaded article 1870.27.36 with 1 files
[1622/7005] uploaded article 1870.27.39 with 1 files
[1623/7005] uploaded article 1870.27.47 with 1 files
[1624/7005] uploaded article 1870.27.60 with 1 files
[1625/7005] uploaded article 1870.27.61 with 1 files
[1626/7005] uploaded article 1870.27.62 with 1 files
[1627/7005] uploaded article 1870.27.63 with 1 files
[1628/7005] uploaded article 1870.27.64 with 1 files
[1629/7005] uploaded article 1870.27.68 with 1 files
[1630/7005] uploaded article 1870.28.80 with 1 files
[1631/7005] uploaded article 1870.28.83 with 1 files
[1633/7005] uploaded article 1870.28.92 with 1 files
[1632/7005] uploaded article 1870.28.89 with 1 files
[1634/7005] uploaded article 1870.29.23 with 1 files
[1636/7005] uploaded article 1870.29.28 with 1 files
[1635/7005] uploaded article 1870.29.27 with 1 files
[1637/7005] uploaded article 1870.29.29 with 1 files
[1638/7005] uploaded article 1870.29.40 with 1 files
[1639/7005] uploaded article 1870.29.45 with 1 files
[1640/7005] uploaded article 1870.29.66 with 1 files
[1641/7005] uploaded article 1870.29.67 with 1 files
[1642/7005] uploaded article 1870.29.89 with 1 files
[1644/7005] uploaded article 1870.2992 with 1 files
[1643/7005] uploaded article 1870.29.91 with 1 files
[1645/7005] uploaded article 1870.30.62 with 1 files
[1647/7005] uploaded article 1870.30.75 with 1 files
[1646/7005] uploaded article 1870.30.63 with 1 files
[1648/7005] uploaded article 1870.31.50 with 1 files
[1649/7005] uploaded article 1870.31.87 with 1 files
[1650/7005] uploaded article 1870.31.88 with 1 files
[1651/7005] uploaded article 1870.31.90 with 1 files
[1652/7005] uploaded article 1870.31.91 with 1 files
[1654/7005] uploaded article 1870.31.93 with 1 files
[1653/7005] uploaded article 1870.31.92 with 1 files
[1655/7005] uploaded article 1870.31.94 with 1 files
[1656/7005] uploaded article 1870.32.14 with 1 files
[1657/7005] uploaded article 1870.32.15 with 1 files
[1658/7005] uploaded article 1870.32.79 with 1 files
[1659/7005] uploaded article 1870.32.81 with 1 files
[1660/7005] uploaded article 1870.32.83 with 1 files
[1661/7005] uploaded article 1870.32.87 with 1 files
[1662/7005] uploaded article 1870.33.04 with 1 files
[1663/7005] uploaded article 1870.33.05 with 1 files
[1664/7005] uploaded article 1870.33.06 with 1 files
[1665/7005] uploaded article 1870.33.44 with 1 files
[1666/7005] uploaded article 1870.33.45 with 1 files
[1667/7005] uploaded article 1870.33.50 with 1 files
[1668/7005] uploaded article 1870.33.54 with 1 files
[1669/7005] uploaded article 1870.33.59 with 1 files
[1670/7005] uploaded article 1870.33.70 with 1 files
[1671/7005] uploaded article 1870.33.94 with 1 files
[1672/7005] uploaded article 1870.33.97 with 1 files
[1674/7005] uploaded article 1870.34.03 with 1 files
[1673/7005] uploaded article 1870.34.01 with 1 files
[1675/7005] uploaded article 1870.34.11 with 1 files
[1677/7005] uploaded article 1870.34.16 with 1 files
[1676/7005] uploaded article 1870.34.12 with 1 files
[1678/7005] uploaded article 1870.34.89 with 1 files
[1679/7005] uploaded article 1870.34.90 with 1 files
[1680/7005] uploaded article 1870.34.91 with 1 files
[1681/7005] uploaded article 1870.35.19 with 1 files
[1683/7005] uploaded article 1870.35.21 with 1 files
[1682/7005] uploaded article 1870.35.20 with 1 files
[1684/7005] uploaded article 1870.35.22 with 1 files
[1686/7005] uploaded article 1870.35.24 with 1 files
[1685/7005] uploaded article 1870.35.23 with 1 files
[1687/7005] uploaded article 1870.35.25 with 1 files
[1690/7005] uploaded article 1870.35.28 with 1 files
[1688/7005] uploaded article 1870.35.26 with 1 files
[1689/7005] uploaded article 1870.35.27 with 1 files
[1691/7005] uploaded article 1870.35.29 with 1 files
[1693/7005] uploaded article 1870.35.31 with 1 files
[1692/7005] uploaded article 1870.35.30 with 1 files
[1694/7005] uploaded article 1870.35.32 with 1 files
[1695/7005] uploaded article 1870.35.33 with 1 files
[1696/7005] uploaded article 1870.35.35 with 1 files
[1697/7005] uploaded article 1870.35.36 with 1 files
[1699/7005] uploaded article 1870.35.38 with 1 files
[1698/7005] uploaded article 1870.35.37 with 1 files
[1700/7005] uploaded article 1870.35.39 with 1 files
[1701/7005] uploaded article 1870.35.41 with 1 files
[1702/7005] uploaded article 1870.35.42 with 1 files
[1704/7005] uploaded article 1870.35.51 with 1 files
[1703/7005] uploaded article 1870.35.45 with 1 files
[1705/7005] uploaded article 1870.35.54 with 1 files
[1706/7005] uploaded article 1870.35.55 with 1 files
[1707/7005] uploaded article 1870.35.58 with 1 files
[1708/7005] uploaded article 1870.35.60 with 1 files
[1710/7005] uploaded article 1870.36.01 with 1 files
[1709/7005] uploaded article 1870.35.61 with 1 files
[1711/7005] uploaded article 1870.36.02 with 1 files
[1712/7005] uploaded article 1870.36.03 with 1 files
[1713/7005] uploaded article 1870.36.04 with 1 files
[1714/7005] uploaded article 1870.36.05 with 1 files
[1716/7005] uploaded article 1870.36.09 with 1 files
[1715/7005] uploaded article 1870.36.07 with 1 files
[1717/7005] uploaded article 1870.36.10 with 1 files
[1719/7005] uploaded article 1870.36.30 with 1 files
[1720/7005] uploaded article 1870.36.31 with 1 files
[1718/7005] uploaded article 1870.36.26 with 1 files
[1721/7005] uploaded article 1870.36.33 with 1 files
[1723/7005] uploaded article 1870.36.37 with 1 files
[1722/7005] uploaded article 1870.36.35 with 1 files
[1726/7005] uploaded article 1870.36.88 with 1 files
[1725/7005] uploaded article 1870.36.40 with 1 files
[1724/7005] uploaded article 1870.36.39 with 1 files
[1728/7005] uploaded article 1870.36.90 with 1 files
[1729/7005] uploaded article 1870.36.91 with 1 files
[1727/7005] uploaded article 1870.36.89 with 1 files
[1730/7005] uploaded article 1870.37.21 with 1 files
[1732/7005] uploaded article 1870.37.24 with 1 files
[1731/7005] uploaded article 1870.37.23 with 1 files
[1734/7005] uploaded article 1870.37.54 with 1 files
[1733/7005] uploaded article 1870.37.43 with 1 files
[1735/7005] uploaded article 1870.37.60 with 1 files
[1737/7005] uploaded article 1870.38.44 with 1 files
[1736/7005] uploaded article 1870.37.62 with 1 files
[1738/7005] uploaded article 1870.38.45 with 1 files
[1740/7005] uploaded article 1870.38.50 with 1 files
[1739/7005] uploaded article 1870.38.47 with 1 files
[1741/7005] uploaded article 1870.38.51 with 1 files
[1743/7005] uploaded article 1870.38.54 with 1 files
[1742/7005] uploaded article 1870.38.53 with 1 files
[1744/7005] uploaded article 1870.38.67 with 1 files
[1746/7005] uploaded article 1870.38.73 with 1 files
[1745/7005] uploaded article 1870.38.72 with 1 files
[1747/7005] uploaded article 1870.39.22 with 1 files
[1750/7005] uploaded article 1870.39.30 with 1 files
[1748/7005] uploaded article 1870.39.25 with 1 files
[1749/7005] uploaded article 1870.39.28 with 1 files
[1751/7005] uploaded article 1870.41.23 with 1 files
[1752/7005] uploaded article 1870.41.31 with 1 files
[1753/7005] uploaded article 1870.41.33 with 1 files
[1754/7005] uploaded article 1870.41.37 with 1 files
[1756/7005] uploaded article 1870.41.44 with 1 files
[1755/7005] uploaded article 1870.41.42 with 1 files
[1759/7005] uploaded article 1870.41.59 with 1 files
[1758/7005] uploaded article 1870.41.56 with 1 files
[1757/7005] uploaded article 1870.41.55 with 1 files
[1762/7005] uploaded article 1870.61.75 with 1 files
[1761/7005] uploaded article 1870.42.03 with 1 files
[1760/7005] uploaded article 1870.42.01 with 1 files
[1764/7005] uploaded article 1870.61.82 with 1 files
[1763/7005] uploaded article 1870.61.79 with 1 files
[1766/7005] uploaded article 1870.61.85 with 1 files
[1765/7005] uploaded article 1870.61.83 with 1 files
[1767/7005] uploaded article 1870.61.86 with 1 files
[1768/7005] uploaded article 1870.61.87 with 1 files
[1769/7005] uploaded article 1870.61.88 with 1 files
[1770/7005] uploaded article 1870.61.89 with 1 files
[1771/7005] uploaded article 1870.61.90 with 1 files
[1772/7005] uploaded article 1870.61.93 with 1 files
[1773/7005] uploaded article 1870.61.94 with 1 files
[1774/7005] uploaded article 1870.67.78 with 1 files
[1775/7005] uploaded article 1870.67.79 with 1 files
[1776/7005] uploaded article 1870.68.03 with 1 files
[1777/7005] uploaded article 1870.68.04 with 1 files
[1779/7005] uploaded article 1870.68.06 with 1 files
[1780/7005] uploaded article 1870.68.07 with 1 files
[1778/7005] uploaded article 1870.68.05 with 1 files
[1781/7005] uploaded article 1870.68.08 with 1 files
[1782/7005] uploaded article 1870.68.09 with 1 files
[1783/7005] uploaded article 1870.68.10 with 1 files
[1784/7005] uploaded article 1870.68.11 with 1 files
[1785/7005] uploaded article 1870.68.12 with 1 files
[1786/7005] uploaded article 1870.68.13 with 1 files
[1787/7005] uploaded article 1870.68.14 with 1 files
[1788/7005] uploaded article 1870.68.15 with 1 files
[1789/7005] uploaded article 1870.68.16 with 1 files
[1790/7005] uploaded article 1870.68.31 with 1 files
[1792/7005] uploaded article 1870.68.35 with 1 files
[1791/7005] uploaded article 1870.68.32 with 1 files
[1793/7005] uploaded article 1870.68.36 with 1 files
[1794/7005] uploaded article 1870.68.38 with 1 files
[1795/7005] uploaded article 1870.68.89 with 1 files
[1796/7005] uploaded article 1870.68.90 with 1 files
[1797/7005] uploaded article 1870.68.91 with 1 files
[1798/7005] uploaded article 1870.68.92 with 1 files
[1799/7005] uploaded article 1870.68.93 with 1 files
[1800/7005] uploaded article 1870.68.94 with 1 files
[1801/7005] uploaded article 1870.68.95 with 1 files
[1802/7005] uploaded article 1870.68.96 with 1 files
[1803/7005] uploaded article 1870.68.97 with 1 files
[1804/7005] uploaded article 1870.68.98 with 1 files
[1805/7005] uploaded article 1870.68.99 with 1 files
[1806/7005] uploaded article 1870.69.00 with 1 files
[1807/7005] uploaded article 1870.69.01 with 1 files
[1808/7005] uploaded article 1870.69.02 with 1 files
[1809/7005] uploaded article 1870.69.03 with 1 files
[1810/7005] uploaded article 1870.69.04 with 1 files
[1811/7005] uploaded article 1870.69.05 with 1 files
[1812/7005] uploaded article 1870.69.06 with 1 files
[1813/7005] uploaded article 1870.69.07 with 1 files
[1814/7005] uploaded article 1870.69.08 with 1 files
[1815/7005] uploaded article 1870.69.09 with 1 files
[1816/7005] uploaded article 1870.69.10 with 1 files
[1817/7005] uploaded article 1870.69.11 with 1 files
[1818/7005] uploaded article 1870.69.12 with 1 files
[1819/7005] uploaded article 1870.69.13 with 1 files
[1820/7005] uploaded article 1870.69.14 with 1 files
[1821/7005] uploaded article 1870.69.15 with 1 files
[1822/7005] uploaded article 1870.69.16 with 1 files
[1823/7005] uploaded article 1870.69.17 with 1 files
[1825/7005] uploaded article 1870.69.19 with 1 files
[1824/7005] uploaded article 1870.69.18 with 1 files
[1826/7005] uploaded article 1870.69.20 with 1 files
[1828/7005] uploaded article 1870.69.54 with 1 files
[1827/7005] uploaded article 1870.69.21 with 1 files
[1829/7005] uploaded article 1870.69.55 with 1 files
[1830/7005] uploaded article 1870.69.56 with 1 files
[1831/7005] uploaded article 1870.69.57 with 1 files
[1832/7005] uploaded article 1870.69.58 with 1 files
[1833/7005] uploaded article 1870.69.59 with 1 files
[1834/7005] uploaded article 1870.69.60 with 1 files
[1836/7005] uploaded article 1870.69.63 with 1 files
[1835/7005] uploaded article 1870.69.61 with 1 files
[1837/7005] uploaded article 1870.69.64 with 1 files
[1839/7005] uploaded article 1870.69.66 with 1 files
[1838/7005] uploaded article 1870.69.65 with 1 files
[1840/7005] uploaded article 1870.69.67 with 1 files
[1841/7005] uploaded article 1870.69.68 with 1 files
[1843/7005] uploaded article 1870.69.70 with 1 files
[1842/7005] uploaded article 1870.69.69 with 1 files
[1844/7005] uploaded article 1870.69.72 with 1 files
[1845/7005] uploaded article 1870.69.73 with 1 files
[1846/7005] uploaded article 1870.69.75 with 1 files
[1848/7005] uploaded article 1870.69.79 with 1 files
[1849/7005] uploaded article 1870.70.16 with 1 files
[1850/7005] uploaded article 1870.70.17 with 1 files
[1851/7005] uploaded article 1870.70.19 with 1 files
[1847/7005] uploaded article 1870.69.76 with 1 files
[1852/7005] uploaded article 1870.70.25 with 1 files
[1853/7005] uploaded article 1870.70.26 with 1 files
[1854/7005] uploaded article 1870.70.31 with 1 files
[1855/7005] uploaded article 1870.70.32 with 1 files
[1856/7005] uploaded article 1870.70.34 with 1 files
[1857/7005] uploaded article 1870.70.35 with 1 files
[1858/7005] uploaded article 1870.70.36 with 1 files
[1860/7005] uploaded article 1870.70.96 with 1 files
[1859/7005] uploaded article 1870.70.95 with 1 files
[1861/7005] uploaded article 1870.70.99 with 1 files
[1863/7005] uploaded article 1870.71.02 with 1 files
[1862/7005] uploaded article 1870.71.00 with 1 files
[1864/7005] uploaded article 1870.71.03 with 1 files
[1865/7005] uploaded article 1870.71.12 with 1 files
[1866/7005] uploaded article 1870.71.15 with 1 files
[1867/7005] uploaded article 1870.71.20 with 1 files
[1868/7005] uploaded article 1870.71.21 with 1 files
[1869/7005] uploaded article 1870.71.23 with 1 files
[1870/7005] uploaded article 1870.71.24 with 1 files
[1872/7005] uploaded article 1870.71.27 with 1 files
[1871/7005] uploaded article 1870.71.26 with 1 files
[1873/7005] uploaded article 1870.71.29 with 1 files
[1875/7005] uploaded article 1870.71.34 with 1 files
[1874/7005] uploaded article 1870.71.33 with 1 files
[1876/7005] uploaded article 1870.71.35 with 1 files
[1877/7005] uploaded article 1870.71.37 with 1 files
[1878/7005] uploaded article 1870.71.38 with 1 files
[1879/7005] uploaded article 1870.71.39 with 1 files
[1880/7005] uploaded article 1870.71.43 with 1 files
[1881/7005] uploaded article 1870.71.51 with 1 files
[1882/7005] uploaded article 1870.71.52 with 1 files
[1883/7005] uploaded article 1870.71.64 with 1 files
[1884/7005] uploaded article 1870.71.65 with 1 files
[1885/7005] uploaded article 1870.71.66 with 1 files
[1886/7005] uploaded article 1870.71.67 with 1 files
[1887/7005] uploaded article 1870.71.68 with 1 files
[1889/7005] uploaded article 1870.71.74 with 1 files
[1890/7005] uploaded article 1870.71.75 with 1 files
[1888/7005] uploaded article 1870.71.71 with 1 files
[1891/7005] uploaded article 1870.71.76 with 1 files
[1892/7005] uploaded article 1870.71.77 with 1 files
[1893/7005] uploaded article 1870.71.78 with 1 files
[1895/7005] uploaded article 1870.71.81 with 1 files
[1894/7005] uploaded article 1870.71.79 with 1 files
[1896/7005] uploaded article 1870.71.82 with 1 files
[1899/7005] uploaded article 1870.72.36 with 1 files
[1897/7005] uploaded article 1870.72.33 with 1 files
[1898/7005] uploaded article 1870.72.35 with 1 files
[1900/7005] uploaded article 1870.72.37 with 1 files
[1901/7005] uploaded article 1870.72.38 with 1 files
[1902/7005] uploaded article 1870.72.51 with 1 files
[1903/7005] uploaded article 1870.72.56 with 1 files
[1905/7005] uploaded article 1870.72.66 with 1 files
[1904/7005] uploaded article 1870.72.60 with 1 files
[1906/7005] uploaded article 1870.72.84 with 1 files
[1907/7005] uploaded article 1870.72.86 with 1 files
[1908/7005] uploaded article 1870.72.87 with 1 files
[1909/7005] uploaded article 1870.72.89 with 1 files
[1911/7005] uploaded article 1870.73.06 with 1 files
[1910/7005] uploaded article 1870.73.02 with 1 files
[1912/7005] uploaded article 1870.73.30 with 1 files
[1913/7005] uploaded article 1870.73.34 with 1 files
[1914/7005] uploaded article 1870.73.55 with 1 files
[1915/7005] uploaded article 1870.73.56 with 1 files
[1917/7005] uploaded article 1870.73.58 with 1 files
[1916/7005] uploaded article 1870.73.57 with 1 files
[1918/7005] uploaded article 1870.73.59 with 1 files
[1919/7005] uploaded article 1870.73.60 with 1 files
[1920/7005] uploaded article 1870.73.61 with 1 files
[1921/7005] uploaded article 1870.73.62 with 1 files
[1922/7005] uploaded article 1870.73.67 with 1 files
[1923/7005] uploaded article 1870.73.68 with 1 files
[1924/7005] uploaded article 1870.73.69 with 1 files
[1925/7005] uploaded article 1870.73.70 with 1 files
[1927/7005] uploaded article 1870.73.78 with 1 files
[1926/7005] uploaded article 1870.73.77 with 1 files
[1928/7005] uploaded article 1870.73.79 with 1 files
[1930/7005] uploaded article 1870.73.81 with 1 files
[1929/7005] uploaded article 1870.73.80 with 1 files
[1932/7005] uploaded article 1870.73.83 with 1 files
[1931/7005] uploaded article 1870.73.82 with 1 files
[1933/7005] uploaded article 1870.73.84 with 1 files
[1934/7005] uploaded article 1870.73.85 with 1 files
[1936/7005] uploaded article 1870.73.87 with 1 files
[1935/7005] uploaded article 1870.73.86 with 1 files
[1938/7005] uploaded article 1870.73.89 with 1 files
[1937/7005] uploaded article 1870.73.88 with 1 files
[1939/7005] uploaded article 1870.73.90 with 1 files
[1940/7005] uploaded article 1870.73.91 with 1 files
[1941/7005] uploaded article 1870.73.92 with 1 files
[1942/7005] uploaded article 1870.73.93 with 1 files
[1943/7005] uploaded article 1870.73.94 with 1 files
[1944/7005] uploaded article 1870.73.95 with 1 files
[1946/7005] uploaded article 1870.73.97 with 1 files
[1945/7005] uploaded article 1870.73.96 with 1 files
[1947/7005] uploaded article 1870.73.98 with 1 files
[1949/7005] uploaded article 1870.74.00 with 1 files
[1948/7005] uploaded article 1870.73.99 with 1 files
[1950/7005] uploaded article 1870.74.01 with 1 files
[1951/7005] uploaded article 1870.74.02 with 1 files
[1952/7005] uploaded article 1870.74.09 with 1 files
[1953/7005] uploaded article 1870.74.12 with 1 files
[1954/7005] uploaded article 1870.74.13 with 1 files
[1955/7005] uploaded article 1870.74.14 with 1 files
[1956/7005] uploaded article 1870.74.87 with 1 files
[1958/7005] uploaded article 1870.74.89 with 1 files
[1957/7005] uploaded article 1870.74.88 with 1 files
[1959/7005] uploaded article 1870.74.90 with 1 files
[1961/7005] uploaded article 1870.75.06 with 1 files
[1960/7005] uploaded article 1870.74.91 with 1 files
[1962/7005] uploaded article 1870.75.07 with 1 files
[1964/7005] uploaded article 1870.75.09 with 1 files
[1963/7005] uploaded article 1870.75.08 with 1 files
[1965/7005] uploaded article 1870.75.76 with 1 files
[1966/7005] uploaded article 1870.75.80 with 1 files
[1967/7005] uploaded article 1870.77.73 with 1 files
[1968/7005] uploaded article 1870.78.45 with 1 files
[1969/7005] uploaded article 1870.78.46 with 1 files
[1970/7005] uploaded article 1870.78.53 with 1 files
[1971/7005] uploaded article 1870.78.54 with 1 files
[1972/7005] uploaded article 1870.78.55 with 1 files
[1973/7005] uploaded article 1870.78.56 with 1 files
[1974/7005] uploaded article 1870.78.57 with 1 files
[1975/7005] uploaded article 1870.82.38 with 1 files
[1976/7005] uploaded article 1870.82.40 with 1 files
[1977/7005] uploaded article 1871 with 1 files
[1979/7005] uploaded article 1873 with 1 files
[1978/7005] uploaded article 1872 with 1 files
[1980/7005] uploaded article 1874 with 1 files
[1981/7005] uploaded article 1875 with 1 files
[1982/7005] uploaded article 1876 with 1 files
[1983/7005] uploaded article 1878 with 1 files
[1984/7005] uploaded article 1879 with 1 files
[1985/7005] uploaded article 1881 with 1 files
[1986/7005] uploaded article 1882 with 1 files
[1987/7005] uploaded article 1883 with 1 files
[1988/7005] uploaded article 1884 with 1 files
[1989/7005] uploaded article 1887 with 1 files
[1990/7005] uploaded article 1888 with 1 files
[1991/7005] uploaded article 1889 with 1 files
[1992/7005] uploaded article 1890 with 1 files
[1993/7005] uploaded article 1891 with 1 files
[1994/7005] uploaded article 1892 with 1 files
[1995/7005] uploaded article 1893 with 1 files
[1996/7005] uploaded article 1894 with 1 files
[1997/7005] uploaded article 1895 with 1 files
[1998/7005] uploaded article 1897 with 1 files
[1999/7005] uploaded article 1898 with 1 files
[2001/7005] uploaded article 190 with 1 files
[2000/7005] uploaded article 1899 with 1 files
[2002/7005] uploaded article 1900 with 1 files
[2003/7005] uploaded article 1902 with 1 files
[2004/7005] uploaded article 1903 with 1 files
[2005/7005] uploaded article 1904 with 1 files
[2006/7005] uploaded article 1905 with 1 files
[2007/7005] uploaded article 1906 with 1 files
[2008/7005] uploaded article 1907 with 1 files
[2009/7005] uploaded article 1908 with 1 files
[2010/7005] uploaded article 1909 with 1 files
[2011/7005] uploaded article 191 with 1 files
[2013/7005] uploaded article 1911 with 1 files
[2012/7005] uploaded article 1910 with 1 files
[2014/7005] uploaded article 1912 with 1 files
[2015/7005] uploaded article 1913 with 1 files
[2016/7005] uploaded article 1914 with 1 files
[2017/7005] uploaded article 1915 with 1 files
[2018/7005] uploaded article 1916 with 1 files
[2019/7005] uploaded article 1917 with 1 files
[2020/7005] uploaded article 1917.00.05 with 1 files
[2021/7005] uploaded article 1917.00.06 with 1 files
[2022/7005] uploaded article 1917.00.23 with 1 files
[2023/7005] uploaded article 1917.00.33 with 1 files
[2024/7005] uploaded article 1917.00.45 with 1 files
[2025/7005] uploaded article 1917.00.54 with 1 files
[2026/7005] uploaded article 1917.00.55 with 1 files
[2027/7005] uploaded article 1917.00.56 with 1 files
[2028/7005] uploaded article 1917.00.57 with 1 files
[2029/7005] uploaded article 1917.00.88 with 1 files
[2030/7005] uploaded article 1917.00.89 with 1 files
[2031/7005] uploaded article 1917.00.90 with 1 files
[2032/7005] uploaded article 1917.00.91 with 1 files
[2033/7005] uploaded article 1917.00.95 with 1 files
[2034/7005] uploaded article 1917.00.96 with 1 files
[2035/7005] uploaded article 1917.00.97 with 1 files
[2036/7005] uploaded article 1917.00.98 with 1 files
[2037/7005] uploaded article 1917.00.99 with 1 files
[2038/7005] uploaded article 1917.02.31 with 1 files
[2039/7005] uploaded article 1917.02.35 with 1 files
[2040/7005] uploaded article 1917.02.37 with 1 files
[2041/7005] uploaded article 1917.02.38 with 1 files
[2042/7005] uploaded article 1917.02.39 with 1 files
[2043/7005] uploaded article 1917.02.60 with 1 files
[2044/7005] uploaded article 1918 with 1 files
[2045/7005] uploaded article 1919 with 1 files
[2046/7005] uploaded article 1919.00.17 with 1 files
[2047/7005] uploaded article 1919.00.18 with 1 files
[2048/7005] uploaded article 1919.00.19 with 1 files
[2049/7005] uploaded article 1919.00.20 with 1 files
[2050/7005] uploaded article 1919.00.22 with 1 files
[2051/7005] uploaded article 1919.00.23 with 1 files
[2052/7005] uploaded article 1919.00.24 with 1 files
[2053/7005] uploaded article 1919.00.25 with 1 files
[2054/7005] uploaded article 1919.00.30 with 1 files
[2055/7005] uploaded article 1919.00.31 with 1 files
[2056/7005] uploaded article 1919.00.32 with 1 files
[2057/7005] uploaded article 1919.00.38 with 1 files
[2058/7005] uploaded article 1919.05.53 with 1 files
[2059/7005] uploaded article 1919.05.54 with 1 files
[2060/7005] uploaded article 1919.05.56 with 1 files
[2061/7005] uploaded article 1919.09.24 with 1 files
[2062/7005] uploaded article 192 with 1 files
[2063/7005] uploaded article 1920 with 1 files
[2064/7005] uploaded article 1921 with 1 files
[2065/7005] uploaded article 1922 with 1 files
[2066/7005] uploaded article 1923 with 1 files
[2067/7005] uploaded article 1924 with 1 files
[2068/7005] uploaded article 1925 with 1 files
[2069/7005] uploaded article 1927 with 1 files
[2070/7005] uploaded article 1928 with 1 files
[2071/7005] uploaded article 1929 with 1 files
[2072/7005] uploaded article 193 with 1 files
[2073/7005] uploaded article 1930 with 1 files
[2075/7005] uploaded article 1932 with 1 files
[2074/7005] uploaded article 1931 with 1 files
[2076/7005] uploaded article 1933 with 1 files
[2077/7005] uploaded article 1934 with 1 files
[2078/7005] uploaded article 1935 with 1 files
[2079/7005] uploaded article 1936 with 1 files
[2081/7005] uploaded article 1938 with 1 files
[2080/7005] uploaded article 1937 with 1 files
[2082/7005] uploaded article 1939 with 1 files
[2084/7005] uploaded article 1940 with 1 files
[2083/7005] uploaded article 194 with 1 files
[2085/7005] uploaded article 1942 with 1 files
[2087/7005] uploaded article 1944 with 1 files
[2086/7005] uploaded article 1943 with 1 files
[2088/7005] uploaded article 1945 with 1 files
[2089/7005] uploaded article 1946 with 1 files
[2090/7005] uploaded article 1947 with 1 files
[2091/7005] uploaded article 1948 with 1 files
[2092/7005] uploaded article 1949 with 1 files
[2093/7005] uploaded article 195 with 1 files
[2094/7005] uploaded article 1950 with 1 files
[2095/7005] uploaded article 1951 with 1 files
[2096/7005] uploaded article 1952 with 1 files
[2097/7005] uploaded article 1953 with 1 files
[2098/7005] uploaded article 1954 with 1 files
[2099/7005] uploaded article 1955 with 1 files
[2100/7005] uploaded article 1956 with 1 files
[2102/7005] uploaded article 1958 with 1 files
[2101/7005] uploaded article 1957 with 1 files
[2103/7005] uploaded article 1959 with 1 files
[2105/7005] uploaded article 1960 with 1 files
[2104/7005] uploaded article 196 with 1 files
[2106/7005] uploaded article 1961 with 1 files
[2107/7005] uploaded article 1962 with 1 files
[2108/7005] uploaded article 1963 with 1 files
[2109/7005] uploaded article 1964 with 1 files
[2111/7005] uploaded article 1966 with 1 files
[2112/7005] uploaded article 1967 with 1 files
[2110/7005] uploaded article 1965 with 1 files
[2113/7005] uploaded article 1969 with 1 files
[2114/7005] uploaded article 197 with 1 files
[2115/7005] uploaded article 1970 with 1 files
[2116/7005] uploaded article 1972 with 1 files
[2117/7005] uploaded article 1973 with 1 files
[2118/7005] uploaded article 1974 with 1 files
[2119/7005] uploaded article 1975 with 1 files
[2120/7005] uploaded article 1976 with 1 files
[2121/7005] uploaded article 1977 with 1 files
[2122/7005] uploaded article 1978 with 1 files
[2123/7005] uploaded article 1979 with 1 files
[2124/7005] uploaded article 198 with 1 files
[2125/7005] uploaded article 1980 with 1 files
[2126/7005] uploaded article 1981 with 1 files
[2127/7005] uploaded article 1983 with 1 files
[2128/7005] uploaded article 1984 with 1 files
[2129/7005] uploaded article 1985 with 1 files
[2130/7005] uploaded article 1989 with 1 files
[2131/7005] uploaded article 1990 with 1 files
[2132/7005] uploaded article 1991 with 1 files
[2133/7005] uploaded article 1992 with 1 files
[2134/7005] uploaded article 1993 with 1 files
[2135/7005] uploaded article 1994 with 1 files
[2136/7005] uploaded article 1995 with 1 files
[2137/7005] uploaded article 1996 with 1 files
[2138/7005] uploaded article 1997 with 1 files
[2139/7005] uploaded article 1998 with 1 files
[2140/7005] uploaded article 1999 with 1 files
[2141/7005] uploaded article 2 with 1 files
[2142/7005] uploaded article 2.0 #01 with 1 files
[2143/7005] uploaded article 2.0 #010 with 1 files
[2144/7005] uploaded article 2.0 #011 with 1 files
[2145/7005] uploaded article 2.0 #013 with 1 files
[2146/7005] uploaded article 2.0 #016 with 1 files
[2147/7005] uploaded article 2.0 #019 with 1 files
[2148/7005] uploaded article 2.0 #02 with 1 files
[2149/7005] uploaded article 2.0 #03 with 1 files
[2150/7005] uploaded article 2.0 #04 with 1 files
[2151/7005] uploaded article 2.0 #05 with 1 files
[2152/7005] uploaded article 2.0 #07 with 1 files
[2153/7005] uploaded article 2.0 #08 with 1 files
[2154/7005] uploaded article 2.0#010 with 1 files
[2155/7005] uploaded article 2.0#016 with 1 files
[2156/7005] uploaded article 2.0#019 with 1 files
[2157/7005] uploaded article 2.0#02 with 1 files
[2159/7005] uploaded article 2.0#04 with 1 files
[2158/7005] uploaded article 2.0#03 with 1 files
[2160/7005] uploaded article 2.0#05 with 1 files
[2162/7005] uploaded article 2.0#08 with 1 files
[2161/7005] uploaded article 2.0#07 with 1 files
[2163/7005] uploaded article 2.5 #01 with 1 files
[2164/7005] uploaded article 2.5 #010 with 1 files
[2165/7005] uploaded article 2.5 #011 with 1 files
[2166/7005] uploaded article 2.5 #013 with 1 files
[2167/7005] uploaded article 2.5 #016 with 1 files
[2168/7005] uploaded article 2.5 #019 with 1 files
[2169/7005] uploaded article 2.5 #02 with 1 files
[2171/7005] uploaded article 2.5 #04 with 1 files
[2170/7005] uploaded article 2.5 #03 with 1 files
[2172/7005] uploaded article 2.5 #05 with 1 files
[2173/7005] uploaded article 2.5 #07 with 1 files
[2174/7005] uploaded article 2.5 #08 with 1 files
[2175/7005] uploaded article 2.5 #19 with 1 files
[2177/7005] uploaded article 2.8 #011 with 1 files
[2176/7005] uploaded article 2.8 #010 with 1 files
[2178/7005] uploaded article 2.8 #013 with 1 files
[2180/7005] uploaded article 2.8 #02 with 1 files
[2179/7005] uploaded article 2.8 #019 with 1 files
[2181/7005] uploaded article 2.8 #04 with 1 files
[2182/7005] uploaded article 2.8 #05 with 1 files
[2183/7005] uploaded article 200 with 1 files
[2184/7005] uploaded article 2000 with 1 files
[2185/7005] uploaded article 2001 with 1 files
[2186/7005] uploaded article 2003 with 1 files
[2187/7005] uploaded article 2003360 with 1 files
[2188/7005] uploaded article 2003390 with 1 files
[2189/7005] uploaded article 2003420 with 1 files
[2191/7005] uploaded article 2007 with 1 files
[2190/7005] uploaded article 2004 with 1 files
[2192/7005] uploaded article 2008 with 1 files
[2193/7005] uploaded article 2009 with 1 files
[2195/7005] uploaded article 2010 with 1 files
[2194/7005] uploaded article 201 with 1 files
[2196/7005] uploaded article 2010001 with 1 files
[2198/7005] uploaded article 2010043 with 1 files
[2197/7005] uploaded article 2010012 with 1 files
[2201/7005] uploaded article 2011 with 1 files
[2200/7005] uploaded article 2010143 with 1 files
[2199/7005] uploaded article 2010067 with 1 files
[2202/7005] uploaded article 20113 with 1 files
[2203/7005] uploaded article 2012 with 1 files
[2204/7005] uploaded article 2013 with 1 files
[2205/7005] uploaded article 2014 with 1 files
[2206/7005] uploaded article 2015 with 1 files
[2207/7005] uploaded article 2016 with 1 files
[2208/7005] uploaded article 2017 with 1 files
[2210/7005] uploaded article 2019 with 1 files
[2209/7005] uploaded article 2018 with 1 files
[2211/7005] uploaded article 202 with 1 files
[2212/7005] uploaded article 2020 with 1 files
[2213/7005] uploaded article 2021 with 1 files
[2214/7005] uploaded article 2022 with 1 files
[2215/7005] uploaded article 2023 with 1 files
[2216/7005] uploaded article 2023004 with 1 files
[2217/7005] uploaded article 2023011 with 1 files
[2219/7005] uploaded article 2023025 with 1 files
[2218/7005] uploaded article 2023020 with 1 files
[2220/7005] uploaded article 2024 with 1 files
[2222/7005] uploaded article 2026 with 1 files
[2221/7005] uploaded article 2025 with 1 files
[2224/7005] uploaded article 2028 with 1 files
[2223/7005] uploaded article 2027 with 1 files
[2225/7005] uploaded article 2029 with 1 files
[2226/7005] uploaded article 203 with 1 files
[2227/7005] uploaded article 2030 with 1 files
[2228/7005] uploaded article 2031 with 1 files
[2230/7005] uploaded article 2034 with 1 files
[2229/7005] uploaded article 2032 with 1 files
[2231/7005] uploaded article 2035 with 1 files
[2232/7005] uploaded article 2036 with 1 files
[2234/7005] uploaded article 2038 with 1 files
[2233/7005] uploaded article 2037 with 1 files
[2235/7005] uploaded article 2039166 with 1 files
[2237/7005] uploaded article 2039302 with 1 files
[2236/7005] uploaded article 2039201 with 1 files
[2238/7005] uploaded article 2039304 with 1 files
[2239/7005] uploaded article 2039306 with 1 files
[2240/7005] uploaded article 2039307 with 1 files
[2242/7005] uploaded article 2039309 with 1 files
[2241/7005] uploaded article 2039308 with 1 files
[2243/7005] uploaded article 2039313 with 1 files
[2244/7005] uploaded article 2039314 with 1 files
[2245/7005] uploaded article 2039381 with 1 files
[2246/7005] uploaded article 2039382 with 1 files
[2248/7005] uploaded article 2044 with 1 files
[2247/7005] uploaded article 204 with 1 files
[2249/7005] uploaded article 2045 with 1 files
[2250/7005] uploaded article 2046 with 1 files
[2251/7005] uploaded article 2047 with 1 files
[2252/7005] uploaded article 2048 with 1 files
[2253/7005] uploaded article 2049 with 1 files
[2255/7005] uploaded article 2050 with 1 files
[2254/7005] uploaded article 205 with 1 files
[2257/7005] uploaded article 2052 with 1 files
[2256/7005] uploaded article 2051 with 1 files
[2258/7005] uploaded article 2053 with 1 files
[2260/7005] uploaded article 2057 with 1 files
[2259/7005] uploaded article 2056 with 1 files
[2261/7005] uploaded article 2058 with 1 files
[2262/7005] uploaded article 2059 with 1 files
[2263/7005] uploaded article 206 with 1 files
[2264/7005] uploaded article 2060 with 1 files
[2266/7005] uploaded article 2066 with 1 files
[2265/7005] uploaded article 2061 with 1 files
[2267/7005] uploaded article 207 with 1 files
[2268/7005] uploaded article 2072 with 1 files
[2269/7005] uploaded article 2073 with 1 files
[2270/7005] uploaded article 2074 with 1 files
[2271/7005] uploaded article 2075 with 1 files
[2272/7005] uploaded article 2077 with 1 files
[2273/7005] uploaded article 2078 with 1 files
[2274/7005] uploaded article 2079 with 1 files
[2275/7005] uploaded article 208 with 1 files
[2276/7005] uploaded article 2080 with 1 files
[2277/7005] uploaded article 2081 with 1 files
[2278/7005] uploaded article 2082 with 1 files
[2279/7005] uploaded article 2083 with 1 files
[2280/7005] uploaded article 2084 with 1 files
[2281/7005] uploaded article 2085 with 1 files
[2282/7005] uploaded article 2086 with 1 files
[2283/7005] uploaded article 2087 with 1 files
[2285/7005] uploaded article 209 with 1 files
[2284/7005] uploaded article 2088 with 1 files
[2288/7005] uploaded article 2091 with 1 files
[2286/7005] uploaded article 2090 with 1 files
[2287/7005] uploaded article 2090-360 with 1 files
[2291/7005] uploaded article 2093-360 with 1 files
[2290/7005] uploaded article 2093 with 1 files
[2289/7005] uploaded article 2092 with 1 files
[2292/7005] uploaded article 2094 with 1 files
[2294/7005] uploaded article 2096-360 with 1 files
[2293/7005] uploaded article 2096 with 1 files
[2295/7005] uploaded article 2097 with 1 files
[2296/7005] uploaded article 2097-360 with 1 files
[2297/7005] uploaded article 2098 with 1 files
[2298/7005] uploaded article 2099 with 1 files
[2300/7005] uploaded article 2100 with 1 files
[2299/7005] uploaded article 210 with 1 files
[2301/7005] uploaded article 2101 with 1 files
[2302/7005] uploaded article 2102 with 1 files
[2303/7005] uploaded article 210245 with 1 files
[2304/7005] uploaded article 210246 with 1 files
[2305/7005] uploaded article 2103 with 1 files
[2306/7005] uploaded article 2104 with 1 files
[2307/7005] uploaded article 2105 with 1 files
[2308/7005] uploaded article 2106 with 1 files
[2309/7005] uploaded article 2107 with 1 files
[2310/7005] uploaded article 2108 with 1 files
[2311/7005] uploaded article 2109 with 1 files
[2312/7005] uploaded article 211 with 1 files
[2313/7005] uploaded article 2110 with 1 files
[2314/7005] uploaded article 2110002 with 1 files
[2315/7005] uploaded article 2110005 with 1 files
[2316/7005] uploaded article 2110043 with 1 files
[2317/7005] uploaded article 2110044 with 1 files
[2318/7005] uploaded article 2110123 with 1 files
[2319/7005] uploaded article 2110136 with 1 files
[2320/7005] uploaded article 2110138 with 1 files
[2322/7005] uploaded article 2112 with 1 files
[2321/7005] uploaded article 2111 with 1 files
[2323/7005] uploaded article 2113 with 1 files
[2325/7005] uploaded article 2115 with 1 files
[2324/7005] uploaded article 2114 with 1 files
[2326/7005] uploaded article 2116 with 1 files
[2327/7005] uploaded article 2117 with 1 files
[2328/7005] uploaded article 2119 with 1 files
[2329/7005] uploaded article 212 with 1 files
[2330/7005] uploaded article 2120 with 1 files
[2331/7005] uploaded article 2120100 with 1 files
[2332/7005] uploaded article 2120101 with 1 files
[2333/7005] uploaded article 2120102 with 1 files
[2334/7005] uploaded article 2120103 with 1 files
[2336/7005] uploaded article 2120105 with 1 files
[2335/7005] uploaded article 2120104 with 1 files
[2337/7005] uploaded article 2121 with 1 files
[2339/7005] uploaded article 2123 with 1 files
[2338/7005] uploaded article 2122 with 1 files
[2340/7005] uploaded article 2124 with 1 files
[2342/7005] uploaded article 2126 with 1 files
[2341/7005] uploaded article 2125 with 1 files
[2343/7005] uploaded article 2127 with 1 files
[2344/7005] uploaded article 2128 with 1 files
[2345/7005] uploaded article 2129 with 1 files
[2346/7005] uploaded article 213 with 1 files
[2347/7005] uploaded article 2130 with 1 files
[2348/7005] uploaded article 2131 with 1 files
[2349/7005] uploaded article 2133 with 1 files
[2350/7005] uploaded article 2135 with 1 files
[2351/7005] uploaded article 2136278 with 1 files
[2352/7005] uploaded article 2137 with 1 files
[2353/7005] uploaded article 2138 with 1 files
[2354/7005] uploaded article 2139 with 1 files
[2355/7005] uploaded article 214 with 1 files
[2356/7005] uploaded article 2140 with 1 files
[2357/7005] uploaded article 2140K with 1 files
[2358/7005] uploaded article 2141 with 1 files
[2359/7005] uploaded article 2142 with 1 files
[2360/7005] uploaded article 2143 with 1 files
[2361/7005] uploaded article 2144 with 1 files
[2362/7005] uploaded article 2145 with 1 files
[2363/7005] uploaded article 2146 with 1 files
[2364/7005] uploaded article 2147 with 1 files
[2366/7005] uploaded article 2153 with 1 files
[2365/7005] uploaded article 215 with 1 files
[2367/7005] uploaded article 2154 with 1 files
[2368/7005] uploaded article 2155 with 1 files
[2369/7005] uploaded article 2156 with 1 files
[2370/7005] uploaded article 2157 with 1 files
[2371/7005] uploaded article 2158 with 1 files
[2372/7005] uploaded article 2160 with 1 files
[2373/7005] uploaded article 2161 with 1 files
[2374/7005] uploaded article 2162 with 1 files
[2375/7005] uploaded article 2163 with 1 files
[2376/7005] uploaded article 2164 with 1 files
[2377/7005] uploaded article 2165 with 1 files
[2378/7005] uploaded article 2166 with 1 files
[2379/7005] uploaded article 2167 with 1 files
[2380/7005] uploaded article 2168 with 1 files
[2381/7005] uploaded article 2169 with 1 files
[2382/7005] uploaded article 2170 with 1 files
[2383/7005] uploaded article 2171 with 1 files
[2384/7005] uploaded article 2172 with 1 files
[2385/7005] uploaded article 2173 with 1 files
[2386/7005] uploaded article 2174 with 1 files
[2387/7005] uploaded article 2175 with 1 files
[2388/7005] uploaded article 2176 with 1 files
[2389/7005] uploaded article 2177 with 1 files
[2390/7005] uploaded article 2178 with 1 files
[2391/7005] uploaded article 2179 with 1 files
[2392/7005] uploaded article 218 with 1 files
[2393/7005] uploaded article 2180 with 1 files
[2394/7005] uploaded article 2181 with 1 files
[2395/7005] uploaded article 2182 with 1 files
[2396/7005] uploaded article 2183 with 1 files
[2397/7005] uploaded article 2184 with 1 files
[2398/7005] uploaded article 2185 with 1 files
[2399/7005] uploaded article 2186 with 1 files
[2400/7005] uploaded article 2187 with 1 files
[2401/7005] uploaded article 2188 with 1 files
[2402/7005] uploaded article 2189 with 1 files
[2403/7005] uploaded article 219 with 1 files
[2404/7005] uploaded article 2190 with 1 files
[2405/7005] uploaded article 2191 with 1 files
[2406/7005] uploaded article 2192 with 1 files
[2407/7005] uploaded article 2193 with 1 files
[2408/7005] uploaded article 2194 with 1 files
[2409/7005] uploaded article 2195 with 1 files
[2410/7005] uploaded article 2196 with 1 files
[2411/7005] uploaded article 2197 with 1 files
[2412/7005] uploaded article 2198 with 1 files
[2413/7005] uploaded article 2199 with 1 files
[2414/7005] uploaded article 22-01-003 with 1 files
[2415/7005] uploaded article 22-01-004 with 1 files
[2416/7005] uploaded article 22-02-003 with 1 files
[2417/7005] uploaded article 22-20-003 with 1 files
[2419/7005] uploaded article 22-21-003 with 1 files
[2418/7005] uploaded article 22-20-004 with 1 files
[2420/7005] uploaded article 22-21-004 with 1 files
[2421/7005] uploaded article 220 with 1 files
[2422/7005] uploaded article 2200 with 1 files
[2423/7005] uploaded article 2201 with 1 files
[2424/7005] uploaded article 2202 with 1 files
[2425/7005] uploaded article 2203 with 1 files
[2426/7005] uploaded article 2204 with 1 files
[2427/7005] uploaded article 2205 with 1 files
[2428/7005] uploaded article 2206 with 1 files
[2429/7005] uploaded article 2207 with 1 files
[2430/7005] uploaded article 2208 with 1 files
[2431/7005] uploaded article 2209 with 1 files
[2432/7005] uploaded article 221 with 1 files
[2433/7005] uploaded article 2210 with 1 files
[2434/7005] uploaded article 2211 with 1 files
[2435/7005] uploaded article 2214 with 1 files
[2436/7005] uploaded article 2216 with 1 files
[2437/7005] uploaded article 2217 with 1 files
[2438/7005] uploaded article 2218 with 1 files
[2439/7005] uploaded article 2219 with 1 files
[2440/7005] uploaded article 222 with 1 files
[2441/7005] uploaded article 2220 with 1 files
[2442/7005] uploaded article 2221 with 1 files
[2443/7005] uploaded article 2222 with 1 files
[2444/7005] uploaded article 2223 with 1 files
[2445/7005] uploaded article 2224 with 1 files
[2446/7005] uploaded article 2225 with 1 files
[2447/7005] uploaded article 2225242 with 1 files
[2448/7005] uploaded article 2226 with 1 files
[2449/7005] uploaded article 2227 with 1 files
[2450/7005] uploaded article 2228 with 1 files
[2451/7005] uploaded article 2229 with 1 files
[2452/7005] uploaded article 223 with 1 files
[2453/7005] uploaded article 223-210 with 1 files
[2454/7005] uploaded article 223-240 with 1 files
[2455/7005] uploaded article 2230 with 1 files
[2456/7005] uploaded article 2231 with 1 files
[2457/7005] uploaded article 2232 with 1 files
[2458/7005] uploaded article 2233 with 1 files
[2460/7005] uploaded article 2235 with 1 files
[2459/7005] uploaded article 2234 with 1 files
[2461/7005] uploaded article 2236 with 1 files
[2462/7005] uploaded article 2237 with 1 files
[2463/7005] uploaded article 2238 with 1 files
[2464/7005] uploaded article 2239 with 1 files
[2465/7005] uploaded article 224 with 1 files
[2466/7005] uploaded article 2240 with 1 files
[2467/7005] uploaded article 2241 with 1 files
[2469/7005] uploaded article 2243 with 1 files
[2468/7005] uploaded article 2242 with 1 files
[2470/7005] uploaded article 2249 with 1 files
[2472/7005] uploaded article 2250 with 1 files
[2471/7005] uploaded article 225 with 1 files
[2473/7005] uploaded article 2251 with 1 files
[2474/7005] uploaded article 2255 with 1 files
[2475/7005] uploaded article 2256 with 1 files
[2476/7005] uploaded article 2257 with 1 files
[2478/7005] uploaded article 2259 with 1 files
[2477/7005] uploaded article 2258 with 1 files
[2479/7005] uploaded article 226 with 1 files
[2481/7005] uploaded article 2261 with 1 files
[2480/7005] uploaded article 2260 with 1 files
[2482/7005] uploaded article 2263 with 1 files
[2483/7005] uploaded article 2264 with 1 files
[2484/7005] uploaded article 2265 with 1 files
[2485/7005] uploaded article 2266 with 1 files
[2486/7005] uploaded article 2266.78.23 with 1 files
[2487/7005] uploaded article 2267 with 1 files
[2488/7005] uploaded article 2268 with 1 files
[2489/7005] uploaded article 2269 with 1 files
[2490/7005] uploaded article 227 with 1 files
[2491/7005] uploaded article 2270 with 1 files
[2492/7005] uploaded article 2271 with 1 files
[2493/7005] uploaded article 2273 with 1 files
[2494/7005] uploaded article 2278 with 1 files
[2495/7005] uploaded article 228 with 1 files
[2496/7005] uploaded article 2280 with 1 files
[2497/7005] uploaded article 2281 with 1 files
[2498/7005] uploaded article 2282 with 1 files
[2500/7005] uploaded article 2284 with 1 files
[2499/7005] uploaded article 2283 with 1 files
[2501/7005] uploaded article 2285 with 1 files
[2503/7005] uploaded article 2286228 with 1 files
[2502/7005] uploaded article 2286 with 1 files
[2504/7005] uploaded article 2287 with 1 files
[2505/7005] uploaded article 2288 with 1 files
[2506/7005] uploaded article 2289 with 1 files
[2507/7005] uploaded article 229 with 1 files
[2509/7005] uploaded article 2291 with 1 files
[2508/7005] uploaded article 2290 with 1 files
[2510/7005] uploaded article 2292 with 1 files
[2511/7005] uploaded article 2294 with 1 files
[2512/7005] uploaded article 2295 with 1 files
[2513/7005] uploaded article 2296 with 1 files
[2514/7005] uploaded article 2297 with 1 files
[2515/7005] uploaded article 2298 with 1 files
[2516/7005] uploaded article 2299 with 1 files
[2517/7005] uploaded article 23-5 with 1 files
[2518/7005] uploaded article 230 with 1 files
[2519/7005] uploaded article 2300 with 1 files
[2520/7005] uploaded article 2301 with 1 files
[2521/7005] uploaded article 2302 with 1 files
[2522/7005] uploaded article 2303 with 1 files
[2523/7005] uploaded article 2304 with 1 files
[2525/7005] uploaded article 2306 with 1 files
[2524/7005] uploaded article 2305 with 1 files
[2526/7005] uploaded article 2307 with 1 files
[2527/7005] uploaded article 2307401 with 1 files
[2528/7005] uploaded article 2308 with 1 files
[2529/7005] uploaded article 2309 with 1 files
[2530/7005] uploaded article 2310 with 1 files
[2531/7005] uploaded article 2311 with 1 files
[2533/7005] uploaded article 2313 with 1 files
[2532/7005] uploaded article 2312 with 1 files
[2534/7005] uploaded article 2314 with 1 files
[2535/7005] uploaded article 2315 with 1 files
[2537/7005] uploaded article 2317 with 1 files
[2536/7005] uploaded article 2316 with 1 files
[2538/7005] uploaded article 2317501 with 1 files
[2539/7005] uploaded article 2318 with 1 files
[2540/7005] uploaded article 2319 with 1 files
[2542/7005] uploaded article 2320 with 1 files
[2541/7005] uploaded article 232 with 1 files
[2543/7005] uploaded article 2321 with 1 files
[2544/7005] uploaded article 2322 with 1 files
[2545/7005] uploaded article 2323 with 1 files
[2546/7005] uploaded article 2324 with 1 files
[2547/7005] uploaded article 2325 with 1 files
[2548/7005] uploaded article 2326 with 1 files
[2549/7005] uploaded article 2327 with 1 files
[2552/7005] uploaded article 2333 with 1 files
[2550/7005] uploaded article 2327601 with 1 files
[2551/7005] uploaded article 233 with 1 files
[2553/7005] uploaded article 2334 with 1 files
[2555/7005] uploaded article 2336 with 1 files
[2554/7005] uploaded article 2335 with 1 files
[2556/7005] uploaded article 2337 with 1 files
[2559/7005] uploaded article 2339 with 1 files
[2558/7005] uploaded article 2337501 with 1 files
[2557/7005] uploaded article 2337401 with 1 files
[2562/7005] uploaded article 2343401 with 1 files
[2561/7005] uploaded article 2343 with 1 files
[2560/7005] uploaded article 234 with 1 files
[2564/7005] uploaded article 2344 with 1 files
[2563/7005] uploaded article 2343501 with 1 files
[2565/7005] uploaded article 2345 with 1 files
[2566/7005] uploaded article 2346 with 1 files
[2567/7005] uploaded article 2347 with 1 files
[2568/7005] uploaded article 2348 with 1 files
[2569/7005] uploaded article 235 with 1 files
[2570/7005] uploaded article 2352 with 1 files
[2571/7005] uploaded article 236 with 1 files
[2572/7005] uploaded article 2362 with 1 files
[2573/7005] uploaded article 2363 with 1 files
[2574/7005] uploaded article 2364 with 1 files
[2575/7005] uploaded article 2365 with 1 files
[2576/7005] uploaded article 2366 with 1 files
[2577/7005] uploaded article 2367 with 1 files
[2578/7005] uploaded article 2370 with 1 files
[2579/7005] uploaded article 2372 with 1 files
[2580/7005] uploaded article 2374 with 1 files
[2581/7005] uploaded article 2375 with 1 files
[2583/7005] uploaded article 2377 with 1 files
[2582/7005] uploaded article 2376 with 1 files
[2584/7005] uploaded article 2379 with 1 files
[2585/7005] uploaded article 238 with 1 files
[2587/7005] uploaded article 2381 with 1 files
[2586/7005] uploaded article 2380 with 1 files
[2588/7005] uploaded article 2382 with 1 files
[2590/7005] uploaded article 2387 with 1 files
[2589/7005] uploaded article 2383 with 1 files
[2591/7005] uploaded article 2388 with 1 files
[2592/7005] uploaded article 2389 with 1 files
[2593/7005] uploaded article 239 with 1 files
[2594/7005] uploaded article 2390 with 1 files
[2595/7005] uploaded article 2391 with 1 files
[2596/7005] uploaded article 2392 with 1 files
[2597/7005] uploaded article 2393 with 1 files
[2598/7005] uploaded article 2394 with 1 files
[2599/7005] uploaded article 2395 with 1 files
[2600/7005] uploaded article 2396 with 1 files
[2601/7005] uploaded article 2397 with 1 files
[2602/7005] uploaded article 2398 with 1 files
[2603/7005] uploaded article 2399 with 1 files
[2604/7005] uploaded article 24 with 1 files
[2605/7005] uploaded article 240 with 1 files
[2606/7005] uploaded article 2400 with 1 files
[2608/7005] uploaded article 2402 with 1 files
[2607/7005] uploaded article 2401 with 1 files
[2609/7005] uploaded article 2403 with 1 files
[2611/7005] uploaded article 2405 with 1 files
[2610/7005] uploaded article 2404 with 1 files
[2612/7005] uploaded article 2406 with 1 files
[2613/7005] uploaded article 2407 with 1 files
[2614/7005] uploaded article 2408 with 1 files
[2615/7005] uploaded article 2409 with 1 files
[2618/7005] uploaded article 2411 with 1 files
[2616/7005] uploaded article 241 with 1 files
[2619/7005] uploaded article 2412 with 1 files
[2617/7005] uploaded article 2410 with 1 files
[2620/7005] uploaded article 2413 with 1 files
[2621/7005] uploaded article 2414 with 1 files
[2622/7005] uploaded article 2415 with 1 files
[2623/7005] uploaded article 2416 with 1 files
[2624/7005] uploaded article 2417 with 1 files
[2626/7005] uploaded article 2419 with 1 files
[2625/7005] uploaded article 2418 with 1 files
[2627/7005] uploaded article 2419401 with 1 files
[2628/7005] uploaded article 2419501 with 1 files
[2629/7005] uploaded article 242 with 1 files
[2630/7005] uploaded article 2420 with 1 files
[2631/7005] uploaded article 2421 with 1 files
[2632/7005] uploaded article 2422 with 1 files
[2633/7005] uploaded article 2422051 with 1 files
[2634/7005] uploaded article 2423 with 1 files
[2635/7005] uploaded article 2426 with 1 files
[2636/7005] uploaded article 2427 with 1 files
[2637/7005] uploaded article 2428 with 1 files
[2638/7005] uploaded article 2429 with 1 files
[2639/7005] uploaded article 243 with 1 files
[2640/7005] uploaded article 2430 with 1 files
[2641/7005] uploaded article 2431 with 1 files
[2642/7005] uploaded article 2432 with 1 files
[2643/7005] uploaded article 2433 with 1 files
[2644/7005] uploaded article 2434 with 1 files
[2645/7005] uploaded article 2435 with 1 files
[2646/7005] uploaded article 2436 with 1 files
[2647/7005] uploaded article 2437 with 1 files
[2648/7005] uploaded article 2438 with 1 files
[2650/7005] uploaded article 2440 with 1 files
[2649/7005] uploaded article 2439 with 1 files
[2651/7005] uploaded article 2441 with 1 files
[2652/7005] uploaded article 2444 with 1 files
[2653/7005] uploaded article 2445 with 1 files
[2654/7005] uploaded article 2446 with 1 files
[2656/7005] uploaded article 2448 with 1 files
[2655/7005] uploaded article 2447 with 1 files
[2657/7005] uploaded article 2449 with 1 files
[2659/7005] uploaded article 2451 with 1 files
[2658/7005] uploaded article 2450 with 1 files
[2660/7005] uploaded article 2451403 with 1 files
[2661/7005] uploaded article 2452 with 1 files
[2662/7005] uploaded article 2452501 with 1 files
[2663/7005] uploaded article 2453 with 1 files
[2664/7005] uploaded article 2454 with 1 files
[2665/7005] uploaded article 2455 with 1 files
[2666/7005] uploaded article 2456 with 1 files
[2668/7005] uploaded article 2458 with 1 files
[2667/7005] uploaded article 2457 with 1 files
[2669/7005] uploaded article 2459 with 1 files
[2671/7005] uploaded article 2460352 with 1 files
[2670/7005] uploaded article 2460 with 1 files
[2672/7005] uploaded article 2460502 with 1 files
[2673/7005] uploaded article 2463 with 1 files
[2674/7005] uploaded article 2464 with 1 files
[2675/7005] uploaded article 2465 with 1 files
[2677/7005] uploaded article 2468 with 1 files
[2676/7005] uploaded article 2466 with 1 files
[2678/7005] uploaded article 2469 with 1 files
[2680/7005] uploaded article 2470 with 1 files
[2679/7005] uploaded article 247 with 1 files
[2681/7005] uploaded article 2471 with 1 files
[2682/7005] uploaded article 2472 with 1 files
[2683/7005] uploaded article 2473 with 1 files
[2684/7005] uploaded article 2474 with 1 files
[2685/7005] uploaded article 2475 with 1 files
[2687/7005] uploaded article 2477 with 1 files
[2686/7005] uploaded article 2476 with 1 files
[2689/7005] uploaded article 2479 with 1 files
[2688/7005] uploaded article 2478 with 1 files
[2690/7005] uploaded article 248 with 1 files
[2691/7005] uploaded article 2480 with 1 files
[2692/7005] uploaded article 2481 with 1 files
[2693/7005] uploaded article 2482 with 1 files
[2694/7005] uploaded article 2483 with 1 files
[2696/7005] uploaded article 2485 with 1 files
[2695/7005] uploaded article 2484 with 1 files
[2697/7005] uploaded article 2486 with 1 files
[2699/7005] uploaded article 2490 with 1 files
[2698/7005] uploaded article 249 with 1 files
[2700/7005] uploaded article 2491 with 1 files
[2701/7005] uploaded article 2492 with 1 files
[2702/7005] uploaded article 2493 with 1 files
[2703/7005] uploaded article 2495 with 1 files
[2704/7005] uploaded article 2496 with 1 files
[2705/7005] uploaded article 2497 with 1 files
[2706/7005] uploaded article 24974 with 1 files
[2707/7005] uploaded article 2498 with 1 files
[2708/7005] uploaded article 2499 with 1 files
[2709/7005] uploaded article 25 with 1 files
[2711/7005] uploaded article 25-7 with 1 files
[2710/7005] uploaded article 25 04 000 with 1 files
[2712/7005] uploaded article 250 with 1 files
[2714/7005] uploaded article 2500200 with 1 files
[2713/7005] uploaded article 2500 with 1 files
[2715/7005] uploaded article 2501 with 1 files
[2716/7005] uploaded article 2502 with 1 files
[2717/7005] uploaded article 2503 with 1 files
[2718/7005] uploaded article 2504 with 1 files
[2719/7005] uploaded article 2505 with 1 files
[2720/7005] uploaded article 2505015 with 1 files
[2721/7005] uploaded article 2506 with 1 files
[2723/7005] uploaded article 2508 with 1 files
[2722/7005] uploaded article 2507 with 1 files
[2724/7005] uploaded article 2509 with 1 files
[2726/7005] uploaded article 2510106 with 1 files
[2725/7005] uploaded article 251 with 1 files
[2727/7005] uploaded article 2510107 with 1 files
[2728/7005] uploaded article 2510110 with 1 files
[2729/7005] uploaded article 2510111 with 1 files
[2730/7005] uploaded article 2510112 with 1 files
[2731/7005] uploaded article 2513 with 1 files
[2732/7005] uploaded article 2514 with 1 files
[2733/7005] uploaded article 2515 with 1 files
[2734/7005] uploaded article 2517 with 1 files
[2735/7005] uploaded article 2518 with 1 files
[2736/7005] uploaded article 2519 with 1 files
[2737/7005] uploaded article 252 with 1 files
[2738/7005] uploaded article 2520 with 1 files
[2739/7005] uploaded article 2521 with 1 files
[2740/7005] uploaded article 2522 with 1 files
[2741/7005] uploaded article 2523 with 1 files
[2742/7005] uploaded article 2524 with 1 files
[2743/7005] uploaded article 2525 with 1 files
[2744/7005] uploaded article 2526 with 1 files
[2745/7005] uploaded article 2527 with 1 files
[2746/7005] uploaded article 2528 with 1 files
[2747/7005] uploaded article 2529 with 1 files
[2748/7005] uploaded article 253 with 1 files
[2749/7005] uploaded article 2530 with 1 files
[2750/7005] uploaded article 2534 with 1 files
[2752/7005] uploaded article 2537 with 1 files
[2751/7005] uploaded article 2536 with 1 files
[2753/7005] uploaded article 2538 with 1 files
[2754/7005] uploaded article 2539 with 1 files
[2755/7005] uploaded article 2539002 with 1 files
[2756/7005] uploaded article 2539003 with 1 files
[2757/7005] uploaded article 2539007 with 1 files
[2759/7005] uploaded article 2540 with 1 files
[2758/7005] uploaded article 254 with 1 files
[2760/7005] uploaded article 2541 with 1 files
[2761/7005] uploaded article 2542 with 1 files
[2762/7005] uploaded article 2543 with 1 files
[2763/7005] uploaded article 2544 with 1 files
[2764/7005] uploaded article 2545 with 1 files
[2765/7005] uploaded article 2546 with 1 files
[2766/7005] uploaded article 2547 with 1 files
[2767/7005] uploaded article 2548 with 1 files
[2768/7005] uploaded article 2549 with 1 files
[2769/7005] uploaded article 255 with 1 files
[2770/7005] uploaded article 2550 with 1 files
[2771/7005] uploaded article 2551 with 1 files
[2772/7005] uploaded article 2552 with 1 files
[2773/7005] uploaded article 2553 with 1 files
[2774/7005] uploaded article 2554 with 1 files
[2776/7005] uploaded article 2556 with 1 files
[2775/7005] uploaded article 2555 with 1 files
[2777/7005] uploaded article 2557 with 1 files
[2778/7005] uploaded article 2558 with 1 files
[2779/7005] uploaded article 2559 with 1 files
[2780/7005] uploaded article 256 with 1 files
[2781/7005] uploaded article 2560 with 1 files
[2782/7005] uploaded article 2561 with 1 files
[2783/7005] uploaded article 2562 with 1 files
[2784/7005] uploaded article 2563 with 1 files
[2785/7005] uploaded article 2564 with 1 files
[2786/7005] uploaded article 2565 with 1 files
[2787/7005] uploaded article 2566 with 1 files
[2788/7005] uploaded article 2567 with 1 files
[2790/7005] uploaded article 2569 with 1 files
[2789/7005] uploaded article 2568 with 1 files
[2791/7005] uploaded article 257 with 1 files
[2793/7005] uploaded article 2571 with 1 files
[2792/7005] uploaded article 2570 with 1 files
[2794/7005] uploaded article 2572 with 1 files
[2795/7005] uploaded article 2573 with 1 files
[2796/7005] uploaded article 2574 with 1 files
[2797/7005] uploaded article 2575 with 1 files
[2799/7005] uploaded article 2577 with 1 files
[2798/7005] uploaded article 2576 with 1 files
[2800/7005] uploaded article 2579 with 1 files
[2802/7005] uploaded article 2580 with 1 files
[2801/7005] uploaded article 258 with 1 files
[2803/7005] uploaded article 2581 with 1 files
[2804/7005] uploaded article 2582 with 1 files
[2805/7005] uploaded article 2583 with 1 files
[2806/7005] uploaded article 2584 with 1 files
[2807/7005] uploaded article 2585 with 1 files
[2808/7005] uploaded article 2586 with 1 files
[2809/7005] uploaded article 2587 with 1 files
[2810/7005] uploaded article 2588 with 1 files
[2811/7005] uploaded article 2589 with 1 files
[2812/7005] uploaded article 259 with 1 files
[2814/7005] uploaded article 2591 with 1 files
[2813/7005] uploaded article 2590 with 1 files
[2815/7005] uploaded article 2592 with 1 files
[2816/7005] uploaded article 2593 with 1 files
[2817/7005] uploaded article 2594 with 1 files
[2818/7005] uploaded article 2595 with 1 files
[2820/7005] uploaded article 2597 with 1 files
[2819/7005] uploaded article 2596 with 1 files
[2821/7005] uploaded article 2598 with 1 files
[2822/7005] uploaded article 2599 with 1 files
[2823/7005] uploaded article 26 with 1 files
[2824/7005] uploaded article 260 with 1 files
[2826/7005] uploaded article 2601 with 1 files
[2825/7005] uploaded article 2600 with 1 files
[2827/7005] uploaded article 2602 with 1 files
[2828/7005] uploaded article 2603 with 1 files
[2829/7005] uploaded article 2604 with 1 files
[2830/7005] uploaded article 2605 with 1 files
[2832/7005] uploaded article 2607 with 1 files
[2831/7005] uploaded article 2606 with 1 files
[2833/7005] uploaded article 2608 with 1 files
[2835/7005] uploaded article 261 with 1 files
[2834/7005] uploaded article 2609 with 1 files
[2836/7005] uploaded article 2610 with 1 files
[2837/7005] uploaded article 2611 with 1 files
[2838/7005] uploaded article 2612 with 1 files
[2839/7005] uploaded article 2613 with 1 files
[2840/7005] uploaded article 2615 with 1 files
[2841/7005] uploaded article 2616 with 1 files
[2842/7005] uploaded article 2617 with 1 files
[2843/7005] uploaded article 2618 with 1 files
[2844/7005] uploaded article 2619 with 1 files
[2845/7005] uploaded article 262 with 1 files
[2846/7005] uploaded article 2620 with 1 files
[2847/7005] uploaded article 2621 with 1 files
[2848/7005] uploaded article 2622 with 1 files
[2849/7005] uploaded article 2623 with 1 files
[2850/7005] uploaded article 2624 with 1 files
[2851/7005] uploaded article 2625 with 1 files
[2853/7005] uploaded article 2627 with 1 files
[2852/7005] uploaded article 2626 with 1 files
[2854/7005] uploaded article 2628 with 1 files
[2855/7005] uploaded article 2629 with 1 files
[2856/7005] uploaded article 263 with 1 files
[2857/7005] uploaded article 2630 with 1 files
[2858/7005] uploaded article 2631 with 1 files
[2859/7005] uploaded article 2632 with 1 files
[2860/7005] uploaded article 2633 with 1 files
[2861/7005] uploaded article 2634 with 1 files
[2862/7005] uploaded article 2635 with 1 files
[2863/7005] uploaded article 2636 with 1 files
[2865/7005] uploaded article 2638 with 1 files
[2864/7005] uploaded article 2637 with 1 files
[2866/7005] uploaded article 2639 with 1 files
[2867/7005] uploaded article 264 with 1 files
[2868/7005] uploaded article 2640 with 1 files
[2869/7005] uploaded article 2641 with 1 files
[2870/7005] uploaded article 2642 with 1 files
[2871/7005] uploaded article 264200 with 1 files
[2872/7005] uploaded article 2643 with 1 files
[2873/7005] uploaded article 2644 with 1 files
[2874/7005] uploaded article 2645 with 1 files
[2875/7005] uploaded article 2646 with 1 files
[2877/7005] uploaded article 2648 with 1 files
[2876/7005] uploaded article 2647 with 1 files
[2878/7005] uploaded article 2649 with 1 files
[2880/7005] uploaded article 2650 with 1 files
[2879/7005] uploaded article 265 with 1 files
[2881/7005] uploaded article 2651 with 1 files
[2882/7005] uploaded article 2652 with 1 files
[2883/7005] uploaded article 2653 with 1 files
[2884/7005] uploaded article 2654 with 1 files
[2885/7005] uploaded article 265444 with 1 files
[2886/7005] uploaded article 2655 with 1 files
[2887/7005] uploaded article 2656 with 1 files
[2888/7005] uploaded article 2657 with 1 files
[2889/7005] uploaded article 2658 with 1 files
[2890/7005] uploaded article 2659 with 1 files
[2891/7005] uploaded article 266 with 1 files
[2892/7005] uploaded article 2660 with 1 files
[2893/7005] uploaded article 2661 with 1 files
[2894/7005] uploaded article 2662 with 1 files
[2895/7005] uploaded article 2663 with 1 files
[2896/7005] uploaded article 2664 with 1 files
[2897/7005] uploaded article 2665 with 1 files
[2898/7005] uploaded article 2666 with 1 files
[2899/7005] uploaded article 2667 with 1 files
[2900/7005] uploaded article 2668 with 1 files
[2901/7005] uploaded article 2669 with 1 files
[2902/7005] uploaded article 267 with 1 files
[2903/7005] uploaded article 2670 with 1 files
[2904/7005] uploaded article 2671 with 1 files
[2905/7005] uploaded article 2672 with 1 files
[2906/7005] uploaded article 2673 with 1 files
[2907/7005] uploaded article 2674 with 1 files
[2908/7005] uploaded article 2675 with 1 files
[2910/7005] uploaded article 2677 with 1 files
[2909/7005] uploaded article 2676 with 1 files
[2911/7005] uploaded article 2679 with 1 files
[2913/7005] uploaded article 2682 with 1 files
[2912/7005] uploaded article 268 with 1 files
[2914/7005] uploaded article 2683 with 1 files
[2915/7005] uploaded article 2684 with 1 files
[2916/7005] uploaded article 2685 with 1 files
[2917/7005] uploaded article 2686 with 1 files
[2919/7005] uploaded article 2688 with 1 files
[2918/7005] uploaded article 2687 with 1 files
[2920/7005] uploaded article 2689 with 1 files
[2922/7005] uploaded article 2690 with 1 files
[2923/7005] uploaded article 269096 with 1 files
[2921/7005] uploaded article 269 with 1 files
[2926/7005] uploaded article 2693 with 1 files
[2924/7005] uploaded article 2691 with 1 files
[2925/7005] uploaded article 2692 with 1 files
[2927/7005] uploaded article 269374 with 1 files
[2928/7005] uploaded article 2694 with 1 files
[2929/7005] uploaded article 2695 with 1 files
[2930/7005] uploaded article 2696 with 1 files
[2931/7005] uploaded article 2697 with 1 files
[2932/7005] uploaded article 2698 with 1 files
[2933/7005] uploaded article 2699 with 1 files
[2935/7005] uploaded article 270 with 1 files
[2934/7005] uploaded article 27 with 1 files
[2937/7005] uploaded article 2701 with 1 files
[2936/7005] uploaded article 2700 with 1 files
[2938/7005] uploaded article 2702 with 1 files
[2940/7005] uploaded article 2704 with 1 files
[2939/7005] uploaded article 2703 with 1 files
[2941/7005] uploaded article 2705 with 1 files
[2942/7005] uploaded article 2706 with 1 files
[2943/7005] uploaded article 2707 with 1 files
[2944/7005] uploaded article 2708 with 1 files
[2945/7005] uploaded article 2709 with 1 files
[2946/7005] uploaded article 271 with 1 files
[2947/7005] uploaded article 2710 with 1 files
[2948/7005] uploaded article 2711 with 1 files
[2949/7005] uploaded article 2712 with 1 files
[2950/7005] uploaded article 2713 with 1 files
[2951/7005] uploaded article 2714 with 1 files
[2952/7005] uploaded article 2715 with 1 files
[2953/7005] uploaded article 2716 with 1 files
[2954/7005] uploaded article 2717 with 1 files
[2955/7005] uploaded article 2718 with 1 files
[2956/7005] uploaded article 2719 with 1 files
[2957/7005] uploaded article 272 with 1 files
[2958/7005] uploaded article 2720 with 1 files
[2959/7005] uploaded article 2721 with 1 files
[2960/7005] uploaded article 2722 with 1 files
[2961/7005] uploaded article 2723 with 1 files
[2962/7005] uploaded article 2724 with 1 files
[2964/7005] uploaded article 2726228 with 1 files
[2963/7005] uploaded article 2725 with 1 files
[2965/7005] uploaded article 2728 with 1 files
[2966/7005] uploaded article 2729 with 1 files
[2967/7005] uploaded article 273 with 1 files
[2968/7005] uploaded article 273-360 with 1 files
[2969/7005] uploaded article 2730 with 1 files
[2970/7005] uploaded article 2732 with 1 files
[2971/7005] uploaded article 2733 with 1 files
[2972/7005] uploaded article 2734 with 1 files
[2973/7005] uploaded article 2735 with 1 files
[2974/7005] uploaded article 2736 with 1 files
[2975/7005] uploaded article 2737 with 1 files
[2976/7005] uploaded article 2738 with 1 files
[2977/7005] uploaded article 2739 with 1 files
[2978/7005] uploaded article 274 with 1 files
[2979/7005] uploaded article 2740 with 1 files
[2980/7005] uploaded article 2744 with 1 files
[2981/7005] uploaded article 2746 with 1 files
[2982/7005] uploaded article 2747 with 1 files
[2983/7005] uploaded article 2748 with 1 files
[2984/7005] uploaded article 2749 with 1 files
[2985/7005] uploaded article 275 with 1 files
[2986/7005] uploaded article 2750 with 1 files
[2987/7005] uploaded article 2751 with 1 files
[2988/7005] uploaded article 2752 with 1 files
[2989/7005] uploaded article 2753 with 1 files
[2990/7005] uploaded article 2754 with 1 files
[2991/7005] uploaded article 2755 with 1 files
[2992/7005] uploaded article 2756 with 1 files
[2993/7005] uploaded article 2756124 with 1 files
[2994/7005] uploaded article 2757 with 1 files
[2995/7005] uploaded article 2758 with 1 files
[2996/7005] uploaded article 2759 with 1 files
[2997/7005] uploaded article 276 with 1 files
[2998/7005] uploaded article 2760 with 1 files
[2999/7005] uploaded article 2763 with 1 files
[3000/7005] uploaded article 2764 with 1 files
[3001/7005] uploaded article 2765 with 1 files
[3002/7005] uploaded article 2766 with 1 files
[3003/7005] uploaded article 277 with 1 files
[3004/7005] uploaded article 2771 with 1 files
[3005/7005] uploaded article 2772 with 1 files
[3006/7005] uploaded article 2773 with 1 files
[3007/7005] uploaded article 2774 with 1 files
[3008/7005] uploaded article 2775 with 1 files
[3009/7005] uploaded article 2776 with 1 files
[3010/7005] uploaded article 2777 with 1 files
[3011/7005] uploaded article 278 with 1 files
[3012/7005] uploaded article 2781 with 1 files
[3013/7005] uploaded article 2782 with 1 files
[3014/7005] uploaded article 2783 with 1 files
[3015/7005] uploaded article 2784 with 1 files
[3016/7005] uploaded article 2785 with 1 files
[3017/7005] uploaded article 2786 with 1 files
[3018/7005] uploaded article 2787 with 1 files
[3019/7005] uploaded article 2788 with 1 files
[3020/7005] uploaded article 2789 with 1 files
[3021/7005] uploaded article 279 with 1 files
[3022/7005] uploaded article 2790 with 1 files
[3023/7005] uploaded article 2791 with 1 files
[3024/7005] uploaded article 2792 with 1 files
[3025/7005] uploaded article 2793 with 1 files
[3026/7005] uploaded article 2794 with 1 files
[3027/7005] uploaded article 2795 with 1 files
[3028/7005] uploaded article 2796 with 1 files
[3029/7005] uploaded article 2797 with 1 files
[3030/7005] uploaded article 2798 with 1 files
[3031/7005] uploaded article 2799 with 1 files
[3032/7005] uploaded article 280 with 1 files
[3033/7005] uploaded article 2800 with 1 files
[3034/7005] uploaded article 2801 with 1 files
[3035/7005] uploaded article 280101 with 1 files
[3036/7005] uploaded article 2802 with 1 files
[3037/7005] uploaded article 2803 with 1 files
[3038/7005] uploaded article 2804 with 1 files
[3039/7005] uploaded article 2805 with 1 files
[3040/7005] uploaded article 2806 with 1 files
[3041/7005] uploaded article 2807 with 1 files
[3042/7005] uploaded article 2808 with 1 files
[3043/7005] uploaded article 2809 with 1 files
[3044/7005] uploaded article 2810 with 1 files
[3046/7005] uploaded article 2812 with 1 files
[3045/7005] uploaded article 2811 with 1 files
[3047/7005] uploaded article 2813 with 1 files
[3048/7005] uploaded article 2814 with 1 files
[3049/7005] uploaded article 2815 with 1 files
[3050/7005] uploaded article 2817 with 1 files
[3051/7005] uploaded article 2818 with 1 files
[3052/7005] uploaded article 2819 with 1 files
[3053/7005] uploaded article 2820 with 1 files
[3054/7005] uploaded article 2822 with 1 files
[3055/7005] uploaded article 2823 with 1 files
[3056/7005] uploaded article 2824 with 1 files
[3057/7005] uploaded article 2825 with 1 files
[3058/7005] uploaded article 2826 with 1 files
[3059/7005] uploaded article 283 with 1 files
[3060/7005] uploaded article 2830 with 1 files
[3061/7005] uploaded article 2831 with 1 files
[3062/7005] uploaded article 2832 with 1 files
[3063/7005] uploaded article 2833 with 1 files
[3064/7005] uploaded article 2834 with 1 files
[3065/7005] uploaded article 2835 with 1 files
[3066/7005] uploaded article 2836 with 1 files
[3068/7005] uploaded article 2838 with 1 files
[3067/7005] uploaded article 2837 with 1 files
[3069/7005] uploaded article 2839 with 1 files
[3071/7005] uploaded article 2840 with 1 files
[3070/7005] uploaded article 284 with 1 files
[3072/7005] uploaded article 2841 with 1 files
[3073/7005] uploaded article 2842 with 1 files
[3074/7005] uploaded article 2843 with 1 files
[3075/7005] uploaded article 2846 with 1 files
[3076/7005] uploaded article 2847 with 1 files
[3077/7005] uploaded article 2848 with 1 files
[3078/7005] uploaded article 2849 with 1 files
[3079/7005] uploaded article 285 with 1 files
[3080/7005] uploaded article 2850 with 1 files
[3081/7005] uploaded article 2851 with 1 files
[3083/7005] uploaded article 2853 with 1 files
[3082/7005] uploaded article 2852 with 1 files
[3084/7005] uploaded article 2854 with 1 files
[3085/7005] uploaded article 2855 with 1 files
[3086/7005] uploaded article 2856 with 1 files
[3087/7005] uploaded article 2857 with 1 files
[3088/7005] uploaded article 2858 with 1 files
[3089/7005] uploaded article 2859 with 1 files
[3090/7005] uploaded article 286 with 1 files
[3091/7005] uploaded article 2861 with 1 files
[3092/7005] uploaded article 2862 with 1 files
[3093/7005] uploaded article 2863 with 1 files
[3095/7005] uploaded article 2865 with 1 files
[3094/7005] uploaded article 2864 with 1 files
[3096/7005] uploaded article 2866 with 1 files
[3097/7005] uploaded article 2867 with 1 files
[3098/7005] uploaded article 2868 with 1 files
[3099/7005] uploaded article 287 with 1 files
[3101/7005] uploaded article 2875 with 1 files
[3100/7005] uploaded article 2874 with 1 files
[3103/7005] uploaded article 2877 with 1 files
[3104/7005] uploaded article 2878 with 1 files
[3105/7005] uploaded article 2879 with 1 files
[3106/7005] uploaded article 288 with 1 files
[3107/7005] uploaded article 2880 with 1 files
[3108/7005] uploaded article 2881 with 1 files
[3102/7005] uploaded article 2876 with 1 files
[3109/7005] uploaded article 2882 with 1 files
[3110/7005] uploaded article 2883 with 1 files
[3111/7005] uploaded article 2884 with 1 files
[3112/7005] uploaded article 2885 with 1 files
[3113/7005] uploaded article 2886 with 1 files
[3114/7005] uploaded article 2887 with 1 files
[3115/7005] uploaded article 2888 with 1 files
[3116/7005] uploaded article 2889 with 1 files
[3117/7005] uploaded article 289 with 1 files
[3118/7005] uploaded article 2890 with 1 files
[3120/7005] uploaded article 2893 with 1 files
[3119/7005] uploaded article 2892 with 1 files
[3121/7005] uploaded article 2894 with 1 files
[3122/7005] uploaded article 2895 with 1 files
[3123/7005] uploaded article 290 with 1 files
[3124/7005] uploaded article 2902 with 1 files
[3125/7005] uploaded article 2903 with 1 files
[3126/7005] uploaded article 2904 with 1 files
[3127/7005] uploaded article 2905 with 1 files
[3128/7005] uploaded article 2906 with 1 files
[3129/7005] uploaded article 2907 with 1 files
[3130/7005] uploaded article 2908 with 1 files
[3131/7005] uploaded article 2909 with 1 files
[3132/7005] uploaded article 291 with 1 files
[3133/7005] uploaded article 2910 with 1 files
[3134/7005] uploaded article 2911 with 1 files
[3135/7005] uploaded article 2912 with 1 files
[3136/7005] uploaded article 2913 with 1 files
[3137/7005] uploaded article 2914 with 1 files
[3138/7005] uploaded article 2915 with 1 files
[3139/7005] uploaded article 2916 with 1 files
[3140/7005] uploaded article 2917 with 1 files
[3141/7005] uploaded article 2918 with 1 files
[3142/7005] uploaded article 2919 with 1 files
[3143/7005] uploaded article 292 with 1 files
[3144/7005] uploaded article 2920 with 1 files
[3145/7005] uploaded article 2921 with 1 files
[3146/7005] uploaded article 2922 with 1 files
[3147/7005] uploaded article 2923 with 1 files
[3148/7005] uploaded article 2924 with 1 files
[3149/7005] uploaded article 2925 with 1 files
[3150/7005] uploaded article 2926 with 1 files
[3151/7005] uploaded article 2927 with 1 files
[3152/7005] uploaded article 2928 with 1 files
[3153/7005] uploaded article 2929 with 1 files
[3154/7005] uploaded article 293 with 1 files
[3156/7005] uploaded article 2933 with 1 files
[3155/7005] uploaded article 2930 with 1 files
[3157/7005] uploaded article 2934 with 1 files
[3158/7005] uploaded article 2935 with 1 files
[3159/7005] uploaded article 2936 with 1 files
[3160/7005] uploaded article 2937 with 1 files
[3161/7005] uploaded article 2938 with 1 files
[3162/7005] uploaded article 2940 with 1 files
[3163/7005] uploaded article 2941 with 1 files
[3164/7005] uploaded article 2942 with 1 files
[3165/7005] uploaded article 2944 with 1 files
[3166/7005] uploaded article 2945 with 1 files
[3167/7005] uploaded article 2946 with 1 files
[3168/7005] uploaded article 2947 with 1 files
[3169/7005] uploaded article 2948 with 1 files
[3170/7005] uploaded article 2949 with 1 files
[3171/7005] uploaded article 2950 with 1 files
[3172/7005] uploaded article 2952 with 1 files
[3173/7005] uploaded article 2953 with 1 files
[3174/7005] uploaded article 2957 with 1 files
[3175/7005] uploaded article 2958 with 1 files
[3176/7005] uploaded article 2959 with 1 files
[3177/7005] uploaded article 2960 with 1 files
[3179/7005] uploaded article 2962 with 1 files
[3180/7005] uploaded article 2963 with 1 files
[3178/7005] uploaded article 2961 with 1 files
[3181/7005] uploaded article 2964 with 1 files
[3182/7005] uploaded article 2965 with 1 files
[3183/7005] uploaded article 2966 with 1 files
[3185/7005] uploaded article 2968 with 1 files
[3184/7005] uploaded article 2967 with 1 files
[3186/7005] uploaded article 2969 with 1 files
[3188/7005] uploaded article 2973920133951 with 1 files
[3187/7005] uploaded article 2971 with 1 files
[3189/7005] uploaded article 2979 with 1 files
[3191/7005] uploaded article 2980 with 1 files
[3190/7005] uploaded article 298 with 1 files
[3192/7005] uploaded article 2981 with 1 files
[3194/7005] uploaded article 2983 with 1 files
[3193/7005] uploaded article 2982 with 1 files
[3195/7005] uploaded article 2984 with 1 files
[3197/7005] uploaded article 2986 with 1 files
[3196/7005] uploaded article 2985 with 1 files
[3198/7005] uploaded article 2987 with 1 files
[3199/7005] uploaded article 2988 with 1 files
[3200/7005] uploaded article 2989 with 1 files
[3203/7005] uploaded article 2991 with 1 files
[3202/7005] uploaded article 2990 with 1 files
[3201/7005] uploaded article 299 with 1 files
[3204/7005] uploaded article 2992 with 1 files
[3205/7005] uploaded article 2993 with 1 files
[3206/7005] uploaded article 2994 with 1 files
[3207/7005] uploaded article 2995 with 1 files
[3209/7005] uploaded article 2997 with 1 files
[3208/7005] uploaded article 2996 with 1 files
[3211/7005] uploaded article 2999 with 1 files
[3210/7005] uploaded article 2998 with 1 files
[3212/7005] uploaded article 3 with 1 files
[3214/7005] uploaded article 3.0 #011 with 1 files
[3213/7005] uploaded article 3.0 #010 with 1 files
[3215/7005] uploaded article 3.0 #013 with 1 files
[3216/7005] uploaded article 3.0 #016 with 1 files
[3217/7005] uploaded article 3.0 #019 with 1 files
[3218/7005] uploaded article 3.0 #02 with 1 files
[3220/7005] uploaded article 3.0 #04 with 1 files
[3219/7005] uploaded article 3.0 #03 with 1 files
[3221/7005] uploaded article 3.0 #05 with 1 files
[3223/7005] uploaded article 3.0 #08 with 1 files
[3222/7005] uploaded article 3.0 #07 with 1 files
[3224/7005] uploaded article 3.5 #01 with 1 files
[3226/7005] uploaded article 3.5 #015 with 1 files
[3225/7005] uploaded article 3.5 #013 with 1 files
[3227/7005] uploaded article 3.5 #02 with 1 files
[3228/7005] uploaded article 3.6 with 1 files
[3229/7005] uploaded article 3.6#016 with 1 files
[3230/7005] uploaded article 3.6#03 with 1 files
[3231/7005] uploaded article 3.6#05 with 1 files
[3232/7005] uploaded article 3.6#08 with 1 files
[3233/7005] uploaded article 30-09-016 with 1 files
[3234/7005] uploaded article 30-20-156 with 1 files
[3235/7005] uploaded article 30-20-169 with 1 files
[3236/7005] uploaded article 30.36.22812 with 1 files
[3237/7005] uploaded article 30.36.22813 with 1 files
[3238/7005] uploaded article 30.42.22759 with 1 files
[3239/7005] uploaded article 30.42.22760 with 1 files
[3240/7005] uploaded article 30.42.22766 with 1 files
[3241/7005] uploaded article 300 with 1 files
[3242/7005] uploaded article 3000 with 1 files
[3243/7005] uploaded article 30037 with 1 files
[3244/7005] uploaded article 300R with 1 files
[3245/7005] uploaded article 301 with 1 files
[3246/7005] uploaded article 30100017 with 1 files
[3247/7005] uploaded article 30114830 with 1 files
[3248/7005] uploaded article 30114832 with 1 files
[3249/7005] uploaded article 30114835 with 1 files
[3252/7005] uploaded article 3012-35 with 1 files
[3251/7005] uploaded article 3012-30 with 1 files
[3250/7005] uploaded article 3012-25 with 1 files
[3253/7005] uploaded article 3012030 with 1 files
[3254/7005] uploaded article 30120832 with 1 files
[3255/7005] uploaded article 30120835 with 1 files
[3256/7005] uploaded article 30125025 with 1 files
[3258/7005] uploaded article 30125035 with 1 files
[3257/7005] uploaded article 30125030 with 1 files
[3259/7005] uploaded article 30125825 with 1 files
[3261/7005] uploaded article 30125830 with 1 files
[3260/7005] uploaded article 30125828 with 1 files
[3262/7005] uploaded article 30125832 with 1 files
[3263/7005] uploaded article 30125835 with 1 files
[3264/7005] uploaded article 30125840 with 1 files
[3265/7005] uploaded article 30149010 with 1 files
[3266/7005] uploaded article 3016 with 1 files
[3267/7005] uploaded article 3019 with 1 files
[3268/7005] uploaded article 302 with 1 files
[3269/7005] uploaded article 302-002 with 1 files
[3270/7005] uploaded article 3020 with 1 files
[3272/7005] uploaded article 3022 with 1 files
[3271/7005] uploaded article 3021 with 1 files
[3273/7005] uploaded article 3022734 with 1 files
[3274/7005] uploaded article 3022735 with 1 files
[3276/7005] uploaded article 3022739 with 1 files
[3275/7005] uploaded article 3022736 with 1 files
[3279/7005] uploaded article 3024-30 with 1 files
[3277/7005] uploaded article 3024 with 1 files
[3278/7005] uploaded article 3024-25 with 1 files
[3281/7005] uploaded article 3026 with 1 files
[3280/7005] uploaded article 3025 with 1 files
[3282/7005] uploaded article 3027 with 1 files
[3283/7005] uploaded article 3028 with 1 files
[3284/7005] uploaded article 3029 with 1 files
[3285/7005] uploaded article 303 with 1 files
[3286/7005] uploaded article 3030 with 1 files
[3287/7005] uploaded article 3031 with 1 files
[3289/7005] uploaded article 3032-30 with 1 files
[3290/7005] uploaded article 3032-35 with 1 files
[3288/7005] uploaded article 3032 with 1 files
[3291/7005] uploaded article 3033 with 1 files
[3292/7005] uploaded article 3034 with 1 files
[3293/7005] uploaded article 3035 with 1 files
[3295/7005] uploaded article 303753-03L with 1 files
[3294/7005] uploaded article 3036 with 1 files
[3296/7005] uploaded article 3038 with 1 files
[3298/7005] uploaded article 3040 with 1 files
[3297/7005] uploaded article 304 with 1 files
[3299/7005] uploaded article 3041 with 1 files
[3301/7005] uploaded article 3043 with 1 files
[3300/7005] uploaded article 3042 with 1 files
[3302/7005] uploaded article 3044 with 1 files
[3303/7005] uploaded article 3045 with 1 files
[3304/7005] uploaded article 3048 with 1 files
[3305/7005] uploaded article 3049 with 1 files
[3306/7005] uploaded article 305 with 1 files
[3307/7005] uploaded article 3050 with 1 files
[3308/7005] uploaded article 3050-20 with 1 files
[3309/7005] uploaded article 3050-22 with 1 files
[3310/7005] uploaded article 3050-25 with 1 files
[3311/7005] uploaded article 3050-28 with 1 files
[3313/7005] uploaded article 3050-35 with 1 files
[3312/7005] uploaded article 3050-30 with 1 files
[3314/7005] uploaded article 3051 with 1 files
[3316/7005] uploaded article 3054 with 1 files
[3315/7005] uploaded article 3053 with 1 files
[3317/7005] uploaded article 3056 with 1 files
[3318/7005] uploaded article 3057 with 1 files
[3319/7005] uploaded article 3059 with 1 files
[3320/7005] uploaded article 306 with 1 files
[3321/7005] uploaded article 3060 with 1 files
[3322/7005] uploaded article 3061 with 1 files
[3323/7005] uploaded article 3062 with 1 files
[3325/7005] uploaded article 3064 with 1 files
[3324/7005] uploaded article 3063 with 1 files
[3326/7005] uploaded article 3065 with 1 files
[3328/7005] uploaded article 3067 with 1 files
[3327/7005] uploaded article 3066 with 1 files
[3329/7005] uploaded article 3069 with 1 files
[3330/7005] uploaded article 307 with 1 files
[3331/7005] uploaded article 3070 with 1 files
[3332/7005] uploaded article 3074 with 1 files
[3333/7005] uploaded article 3075 with 1 files
[3334/7005] uploaded article 3076 with 1 files
[3335/7005] uploaded article 3077 with 1 files
[3336/7005] uploaded article 3078 with 1 files
[3337/7005] uploaded article 308 with 1 files
[3338/7005] uploaded article 3083 with 1 files
[3339/7005] uploaded article 3084 with 1 files
[3340/7005] uploaded article 3085 with 1 files
[3341/7005] uploaded article 3086 with 1 files
[3342/7005] uploaded article 3088 with 1 files
[3343/7005] uploaded article 3089 with 1 files
[3344/7005] uploaded article 309 with 1 files
[3345/7005] uploaded article 3090 with 1 files
[3346/7005] uploaded article 3092 with 1 files
[3348/7005] uploaded article 3096 with 1 files
[3347/7005] uploaded article 3093 with 1 files
[3349/7005] uploaded article 3097 with 1 files
[3351/7005] uploaded article 3099 with 1 files
[3350/7005] uploaded article 3098 with 1 files
[3352/7005] uploaded article 31.03.39 with 1 files
[3353/7005] uploaded article 31.99.20 with 1 files
[3354/7005] uploaded article 3100 with 1 files
[3355/7005] uploaded article 3101 with 1 files
[3356/7005] uploaded article 3102 with 1 files
[3357/7005] uploaded article 3103 with 1 files
[3358/7005] uploaded article 3104 with 1 files
[3359/7005] uploaded article 3105 with 1 files
[3360/7005] uploaded article 3106 with 1 files
[3361/7005] uploaded article 3107 with 1 files
[3362/7005] uploaded article 3108 with 1 files
[3363/7005] uploaded article 3109 with 1 files
[3364/7005] uploaded article 3110 with 1 files
[3365/7005] uploaded article 3111 with 1 files
[3366/7005] uploaded article 3112 with 1 files
[3367/7005] uploaded article 3113 with 1 files
[3368/7005] uploaded article 3118 with 1 files
[3369/7005] uploaded article 3119 with 1 files
[3370/7005] uploaded article 3120 with 1 files
[3371/7005] uploaded article 3121 with 1 files
[3372/7005] uploaded article 3122 with 1 files
[3373/7005] uploaded article 3123 with 1 files
[3374/7005] uploaded article 3124 with 1 files
[3376/7005] uploaded article 3126 with 1 files
[3375/7005] uploaded article 3125 with 1 files
[3377/7005] uploaded article 3127 with 1 files
[3379/7005] uploaded article 3129 with 1 files
[3378/7005] uploaded article 3128 with 1 files
[3380/7005] uploaded article 3130 with 1 files
[3382/7005] uploaded article 3132 with 1 files
[3381/7005] uploaded article 3131 with 1 files
[3383/7005] uploaded article 3133 with 1 files
[3384/7005] uploaded article 3134 with 1 files
[3385/7005] uploaded article 3135 with 1 files
[3386/7005] uploaded article 3136 with 1 files
[3387/7005] uploaded article 3137 with 1 files
[3388/7005] uploaded article 3138 with 1 files
[3389/7005] uploaded article 3139 with 1 files
[3391/7005] uploaded article 3142 with 1 files
[3390/7005] uploaded article 3140 with 1 files
[3392/7005] uploaded article 3143 with 1 files
[3393/7005] uploaded article 3144 with 1 files
[3394/7005] uploaded article 3145 with 1 files
[3395/7005] uploaded article 3146 with 1 files
[3397/7005] uploaded article 3148 with 1 files
[3396/7005] uploaded article 3147 with 1 files
[3398/7005] uploaded article 3149 with 1 files
[3399/7005] uploaded article 3150 with 1 files
[3400/7005] uploaded article 3151 with 1 files
[3401/7005] uploaded article 3152 with 1 files
[3403/7005] uploaded article 3156 with 1 files
[3402/7005] uploaded article 3155 with 1 files
[3404/7005] uploaded article 3157 with 1 files
[3405/7005] uploaded article 3158 with 1 files
[3406/7005] uploaded article 3160 with 1 files
[3407/7005] uploaded article 3161 with 1 files
[3408/7005] uploaded article 3162 with 1 files
[3409/7005] uploaded article 3163 with 1 files
[3410/7005] uploaded article 3164 with 1 files
[3412/7005] uploaded article 3167 with 1 files
[3411/7005] uploaded article 3165 with 1 files
[3414/7005] uploaded article 3170 with 1 files
[3415/7005] uploaded article 3175 with 1 files
[3413/7005] uploaded article 3168 with 1 files
[3417/7005] uploaded article 3177 with 1 files
[3418/7005] uploaded article 3178 with 1 files
[3416/7005] uploaded article 3176 with 1 files
[3419/7005] uploaded article 3179 with 1 files
[3420/7005] uploaded article 318 with 1 files
[3421/7005] uploaded article 3180 with 1 files
[3422/7005] uploaded article 3182 with 1 files
[3423/7005] uploaded article 3183 with 1 files
[3424/7005] uploaded article 3184 with 1 files
[3425/7005] uploaded article 3185 with 1 files
[3426/7005] uploaded article 3186 with 1 files
[3427/7005] uploaded article 3187 with 1 files
[3429/7005] uploaded article 3189 with 1 files
[3428/7005] uploaded article 3188 with 1 files
[3430/7005] uploaded article 319 with 1 files
[3432/7005] uploaded article 3195 with 1 files
[3433/7005] uploaded article 3196 with 1 files
[3431/7005] uploaded article 3194 with 1 files
[3434/7005] uploaded article 3197 with 1 files
[3435/7005] uploaded article 3198 with 1 files
[3436/7005] uploaded article 3199 with 1 files
[3437/7005] uploaded article 320 with 1 files
[3438/7005] uploaded article 3202 with 1 files
[3439/7005] uploaded article 3203 with 1 files
[3440/7005] uploaded article 3204 with 1 files
[3441/7005] uploaded article 3205 with 1 files
[3442/7005] uploaded article 3206 with 1 files
[3444/7005] uploaded article 3207 with 1 files
[3443/7005] uploaded article 32060011 with 1 files
[3445/7005] uploaded article 3208 with 1 files
[3448/7005] uploaded article 3210 with 1 files
[3447/7005] uploaded article 321 with 1 files
[3446/7005] uploaded article 3209 with 1 files
[3450/7005] uploaded article 3212 with 1 files
[3449/7005] uploaded article 3211 with 1 files
[3451/7005] uploaded article 3213 with 1 files
[3452/7005] uploaded article 3214 with 1 files
[3453/7005] uploaded article 3215 with 1 files
[3454/7005] uploaded article 3218 with 1 files
[3455/7005] uploaded article 3219 with 1 files
[3456/7005] uploaded article 322 with 1 files
[3457/7005] uploaded article 3220 with 1 files
[3458/7005] uploaded article 3223 with 1 files
[3459/7005] uploaded article 3224 with 1 files
[3460/7005] uploaded article 3226 with 1 files
[3461/7005] uploaded article 3227 with 1 files
[3462/7005] uploaded article 3229 with 1 files
[3463/7005] uploaded article 323 with 1 files
[3464/7005] uploaded article 3230 with 1 files
[3465/7005] uploaded article 3231 with 1 files
[3467/7005] uploaded article 3235 with 1 files
[3468/7005] uploaded article 3236 with 1 files
[3469/7005] uploaded article 3236571 with 1 files
[3466/7005] uploaded article 3234 with 1 files
[3470/7005] uploaded article 3236600 with 1 files
[3471/7005] uploaded article 3236601 with 1 files
[3472/7005] uploaded article 3237 with 1 files
[3473/7005] uploaded article 3239 with 1 files
[3475/7005] uploaded article 3240 with 1 files
[3474/7005] uploaded article 324 with 1 files
[3476/7005] uploaded article 3241 with 1 files
[3478/7005] uploaded article 3243 with 1 files
[3477/7005] uploaded article 3242 with 1 files
[3481/7005] uploaded article 3246 with 1 files
[3480/7005] uploaded article 3245 with 1 files
[3482/7005] uploaded article 3247 with 1 files
[3483/7005] uploaded article 3248 with 1 files
[3484/7005] uploaded article 3249 with 1 files
[3485/7005] uploaded article 325 with 1 files
[3479/7005] uploaded article 3244 with 1 files
[3487/7005] uploaded article 3251 with 1 files
[3486/7005] uploaded article 3250 with 1 files
[3488/7005] uploaded article 3252 with 1 files
[3489/7005] uploaded article 3253 with 1 files
[3490/7005] uploaded article 326 with 1 files
[3491/7005] uploaded article 3260 with 1 files
[3492/7005] uploaded article 3265 with 1 files
[3493/7005] uploaded article 3265001 with 1 files
[3494/7005] uploaded article 3265002 with 1 files
[3495/7005] uploaded article 3266 with 1 files
[3496/7005] uploaded article 3267 with 1 files
[3497/7005] uploaded article 3268 with 1 files
[3498/7005] uploaded article 327 with 1 files
[3499/7005] uploaded article 3270 with 1 files
[3500/7005] uploaded article 3271 with 1 files
[3501/7005] uploaded article 3272 with 1 files
[3502/7005] uploaded article 3273 with 1 files
[3503/7005] uploaded article 3274 with 1 files
[3504/7005] uploaded article 3275 with 1 files
[3505/7005] uploaded article 3276 with 1 files
[3506/7005] uploaded article 3279 with 1 files
[3508/7005] uploaded article 3280 with 1 files
[3507/7005] uploaded article 328 with 1 files
[3509/7005] uploaded article 3281 with 1 files
[3510/7005] uploaded article 3282 with 1 files
[3511/7005] uploaded article 3284 with 1 files
[3512/7005] uploaded article 3285 with 1 files
[3513/7005] uploaded article 3286 with 1 files
[3514/7005] uploaded article 3287 with 1 files
[3515/7005] uploaded article 3288 with 1 files
[3516/7005] uploaded article 3289 with 1 files
[3517/7005] uploaded article 329 with 1 files
[3518/7005] uploaded article 3290 with 1 files
[3519/7005] uploaded article 3291 with 1 files
[3520/7005] uploaded article 3292 with 1 files
[3521/7005] uploaded article 3298 with 1 files
[3522/7005] uploaded article 3299 with 1 files
[3523/7005] uploaded article 33 with 1 files
[3524/7005] uploaded article 33-0808 with 1 files
[3525/7005] uploaded article 330 with 1 files
[3526/7005] uploaded article 3300 with 1 files
[3527/7005] uploaded article 3301 with 1 files
[3528/7005] uploaded article 3302 with 1 files
[3529/7005] uploaded article 3303 with 1 files
[3530/7005] uploaded article 3305 with 1 files
[3532/7005] uploaded article 3307 with 1 files
[3531/7005] uploaded article 3306 with 1 files
[3533/7005] uploaded article 331 with 1 files
[3534/7005] uploaded article 3312 with 1 files
[3535/7005] uploaded article 3313 with 1 files
[3536/7005] uploaded article 3314 with 1 files
[3538/7005] uploaded article 3316 with 1 files
[3537/7005] uploaded article 3315 with 1 files
[3539/7005] uploaded article 3317 with 1 files
[3541/7005] uploaded article 332 with 1 files
[3540/7005] uploaded article 3318 with 1 files
[3542/7005] uploaded article 3322 with 1 files
[3543/7005] uploaded article 3323 with 1 files
[3544/7005] uploaded article 3324 with 1 files
[3545/7005] uploaded article 3325 with 1 files
[3546/7005] uploaded article 3326 with 1 files
[3547/7005] uploaded article 3327 with 1 files
[3548/7005] uploaded article 3328 with 1 files
[3549/7005] uploaded article 3329 with 1 files
[3550/7005] uploaded article 333 with 1 files
[3551/7005] uploaded article 3330 with 1 files
[3553/7005] uploaded article 3332 with 1 files
[3552/7005] uploaded article 3331 with 1 files
[3554/7005] uploaded article 3333 with 1 files
[3555/7005] uploaded article 3334 with 1 files
[3556/7005] uploaded article 3335 with 1 files
[3557/7005] uploaded article 3336 with 1 files
[3558/7005] uploaded article 3337 with 1 files
[3559/7005] uploaded article 3338 with 1 files
[3560/7005] uploaded article 3339 with 1 files
[3562/7005] uploaded article 3341 with 1 files
[3561/7005] uploaded article 334 with 1 files
[3563/7005] uploaded article 3342 with 1 files
[3565/7005] uploaded article 3344 with 1 files
[3564/7005] uploaded article 3343 with 1 files
[3566/7005] uploaded article 3345 with 1 files
[3567/7005] uploaded article 3347 with 1 files
[3568/7005] uploaded article 3348 with 1 files
[3569/7005] uploaded article 3349 with 1 files
[3570/7005] uploaded article 335 with 1 files
[3571/7005] uploaded article 3350 with 1 files
[3572/7005] uploaded article 3351 with 1 files
[3573/7005] uploaded article 3352 with 1 files
[3574/7005] uploaded article 3353 with 1 files
[3575/7005] uploaded article 3354 with 1 files
[3576/7005] uploaded article 3355 with 1 files
[3577/7005] uploaded article 3356 with 1 files
[3578/7005] uploaded article 3357 with 1 files
[3580/7005] uploaded article 336 with 1 files
[3579/7005] uploaded article 3358 with 1 files
[3581/7005] uploaded article 3360 with 1 files
[3582/7005] uploaded article 3361 with 1 files
[3583/7005] uploaded article 3362 with 1 files
[3584/7005] uploaded article 3363 with 1 files
[3585/7005] uploaded article 3364 with 1 files
[3587/7005] uploaded article 3366 with 1 files
[3586/7005] uploaded article 3365 with 1 files
[3588/7005] uploaded article 3367 with 1 files
[3589/7005] uploaded article 3368 with 1 files
[3590/7005] uploaded article 3369 with 1 files
[3593/7005] uploaded article 3371 with 1 files
[3591/7005] uploaded article 337 with 1 files
[3592/7005] uploaded article 3370 with 1 files
[3594/7005] uploaded article 3372 with 1 files
[3596/7005] uploaded article 3374 with 1 files
[3595/7005] uploaded article 3373 with 1 files
[3599/7005] uploaded article 3377 with 1 files
[3597/7005] uploaded article 3375 with 1 files
[3598/7005] uploaded article 3376 with 1 files
[3600/7005] uploaded article 3378 with 1 files
[3601/7005] uploaded article 3379 with 1 files
[3602/7005] uploaded article 338 with 1 files
[3605/7005] uploaded article 3382 with 1 files
[3603/7005] uploaded article 3380 with 1 files
[3604/7005] uploaded article 3381 with 1 files
[3606/7005] uploaded article 3383 with 1 files
[3607/7005] uploaded article 3384 with 1 files
[3608/7005] uploaded article 3385 with 1 files
[3609/7005] uploaded article 3386 with 1 files
[3611/7005] uploaded article 3388 with 1 files
[3610/7005] uploaded article 3387 with 1 files
[3612/7005] uploaded article 3389 with 1 files
[3613/7005] uploaded article 339 with 1 files
[3614/7005] uploaded article 3390 with 1 files
[3617/7005] uploaded article 3393 with 1 files
[3615/7005] uploaded article 3391 with 1 files
[3616/7005] uploaded article 3392 with 1 files
[3619/7005] uploaded article 3395 with 1 files
[3618/7005] uploaded article 3394 with 1 files
[3620/7005] uploaded article 3396 with 1 files
[3622/7005] uploaded article 3398 with 1 files
[3621/7005] uploaded article 3397 with 1 files
[3623/7005] uploaded article 3399 with 1 files
[3624/7005] uploaded article 34 with 1 files
[3625/7005] uploaded article 340 with 1 files
[3626/7005] uploaded article 3400 with 1 files
[3627/7005] uploaded article 3401 with 1 files
[3628/7005] uploaded article 3402 with 1 files
[3629/7005] uploaded article 3403 with 1 files
[3630/7005] uploaded article 3405 with 1 files
[3631/7005] uploaded article 3406 with 1 files
[3632/7005] uploaded article 3409 with 1 files
[3634/7005] uploaded article 3410 with 1 files
[3633/7005] uploaded article 341 with 1 files
[3635/7005] uploaded article 3411 with 1 files
[3636/7005] uploaded article 3412 with 1 files
[3638/7005] uploaded article 3416 with 1 files
[3637/7005] uploaded article 3413 with 1 files
[3639/7005] uploaded article 3419 with 1 files
[3641/7005] uploaded article 3420 with 1 files
[3640/7005] uploaded article 342 with 1 files
[3642/7005] uploaded article 3421 with 1 files
[3643/7005] uploaded article 3422 with 1 files
[3644/7005] uploaded article 3423 with 1 files
[3645/7005] uploaded article 3424 with 1 files
[3647/7005] uploaded article 3428 with 1 files
[3646/7005] uploaded article 3427 with 1 files
[3648/7005] uploaded article 3429 with 1 files
[3649/7005] uploaded article 343 with 1 files
[3650/7005] uploaded article 3430 with 1 files
[3651/7005] uploaded article 3431 with 1 files
[3652/7005] uploaded article 3432 with 1 files
[3653/7005] uploaded article 3434 with 1 files
[3654/7005] uploaded article 3435 with 1 files
[3655/7005] uploaded article 3436 with 1 files
[3656/7005] uploaded article 3437 with 1 files
[3657/7005] uploaded article 3439 with 1 files
[3658/7005] uploaded article 344 with 1 files
[3659/7005] uploaded article 3440 with 1 files
[3660/7005] uploaded article 3441 with 1 files
[3661/7005] uploaded article 3442 with 1 files
[3662/7005] uploaded article 3445 with 1 files
[3663/7005] uploaded article 3446 with 1 files
[3664/7005] uploaded article 3447 with 1 files
[3665/7005] uploaded article 3448 with 1 files
[3666/7005] uploaded article 3449 with 1 files
[3667/7005] uploaded article 345 with 1 files
[3668/7005] uploaded article 3450 with 1 files
[3669/7005] uploaded article 3451 with 1 files
[3671/7005] uploaded article 3453 with 1 files
[3670/7005] uploaded article 3452 with 1 files
[3672/7005] uploaded article 3454 with 1 files
[3674/7005] uploaded article 3456 with 1 files
[3673/7005] uploaded article 3455 with 1 files
[3675/7005] uploaded article 3457 with 1 files
[3676/7005] uploaded article 3458 with 1 files
[3677/7005] uploaded article 3459 with 1 files
[3679/7005] uploaded article 3460 with 1 files
[3678/7005] uploaded article 346 with 1 files
[3680/7005] uploaded article 3461 with 1 files
[3681/7005] uploaded article 3462 with 1 files
[3682/7005] uploaded article 3463 with 1 files
[3683/7005] uploaded article 3464 with 1 files
[3684/7005] uploaded article 3465 with 1 files
[3685/7005] uploaded article 3466 with 1 files
[3686/7005] uploaded article 3467 with 1 files
[3687/7005] uploaded article 3468 with 1 files
[3688/7005] uploaded article 3469 with 1 files
[3689/7005] uploaded article 347 with 1 files
[3691/7005] uploaded article 3471 with 1 files
[3690/7005] uploaded article 3470 with 1 files
[3692/7005] uploaded article 3472 with 1 files
[3694/7005] uploaded article 3474 with 1 files
[3695/7005] uploaded article 3475 with 1 files
[3693/7005] uploaded article 3473 with 1 files
[3696/7005] uploaded article 3476 with 1 files
[3698/7005] uploaded article 3478 with 1 files
[3697/7005] uploaded article 3477 with 1 files
[3699/7005] uploaded article 3479 with 1 files
[3701/7005] uploaded article 3480 with 1 files
[3700/7005] uploaded article 348 with 1 files
[3703/7005] uploaded article 3482 with 1 files
[3702/7005] uploaded article 3481 with 1 files
[3704/7005] uploaded article 3483 with 1 files
[3705/7005] uploaded article 3484 with 1 files
[3706/7005] uploaded article 3485 with 1 files
[3707/7005] uploaded article 3486 with 1 files
[3708/7005] uploaded article 3488 with 1 files
[3709/7005] uploaded article 3489 with 1 files
[3710/7005] uploaded article 349 with 1 files
[3711/7005] uploaded article 3490 with 1 files
[3712/7005] uploaded article 3491 with 1 files
[3713/7005] uploaded article 3492 with 1 files
[3714/7005] uploaded article 3494 with 1 files
[3715/7005] uploaded article 3495 with 1 files
[3716/7005] uploaded article 3496 with 1 files
[3718/7005] uploaded article 3498 with 1 files
[3717/7005] uploaded article 3497 with 1 files
[3719/7005] uploaded article 3499 with 1 files
[3721/7005] uploaded article 350 with 1 files
[3720/7005] uploaded article 35 with 1 files
[3722/7005] uploaded article 3500 with 1 files
[3723/7005] uploaded article 3501 with 1 files
[3724/7005] uploaded article 3503 with 1 files
[3725/7005] uploaded article 3504 with 1 files
[3726/7005] uploaded article 3505 with 1 files
[3727/7005] uploaded article 3507 with 1 files
[3728/7005] uploaded article 3508 with 1 files
[3730/7005] uploaded article 3512 with 1 files
[3729/7005] uploaded article 351 with 1 files
[3731/7005] uploaded article 3515 with 1 files
[3732/7005] uploaded article 3517 with 1 files
[3733/7005] uploaded article 3518 with 1 files
[3734/7005] uploaded article 3519 with 1 files
[3736/7005] uploaded article 3520 with 1 files
[3735/7005] uploaded article 352 with 1 files
[3737/7005] uploaded article 3521 with 1 files
[3738/7005] uploaded article 3522 with 1 files
[3739/7005] uploaded article 3523 with 1 files
[3740/7005] uploaded article 3524 with 1 files
[3741/7005] uploaded article 3525 with 1 files
[3742/7005] uploaded article 3526 with 1 files
[3744/7005] uploaded article 3535 with 1 files
[3745/7005] uploaded article 3536 with 1 files
[3743/7005] uploaded article 353 with 1 files
[3746/7005] uploaded article 3537 with 1 files
[3748/7005] uploaded article 3539 with 1 files
[3747/7005] uploaded article 3538 with 1 files
[3749/7005] uploaded article 354 with 1 files
[3751/7005] uploaded article 3541 with 1 files
[3750/7005] uploaded article 3540 with 1 files
[3752/7005] uploaded article 3542 with 1 files
[3753/7005] uploaded article 3543 with 1 files
[3754/7005] uploaded article 3544 with 1 files
[3755/7005] uploaded article 3545 with 1 files
[3756/7005] uploaded article 3549 with 1 files
[3757/7005] uploaded article 355 with 1 files
[3758/7005] uploaded article 3550 with 1 files
[3759/7005] uploaded article 3551 with 1 files
[3760/7005] uploaded article 3552 with 1 files
[3761/7005] uploaded article 3553 with 1 files
[3763/7005] uploaded article 3555 with 1 files
[3762/7005] uploaded article 3554 with 1 files
[3765/7005] uploaded article 3557 with 1 files
[3764/7005] uploaded article 3556 with 1 files
[3766/7005] uploaded article 3558 with 1 files
[3768/7005] uploaded article 356 with 1 files
[3767/7005] uploaded article 3559 with 1 files
[3769/7005] uploaded article 3560 with 1 files
[3770/7005] uploaded article 3561 with 1 files
[3772/7005] uploaded article 3563 with 1 files
[3771/7005] uploaded article 3562 with 1 files
[3773/7005] uploaded article 3564 with 1 files
[3774/7005] uploaded article 3565 with 1 files
[3775/7005] uploaded article 3566 with 1 files
[3777/7005] uploaded article 3568 with 1 files
[3776/7005] uploaded article 3567 with 1 files
[3778/7005] uploaded article 3569 with 1 files
[3779/7005] uploaded article 357 with 1 files
[3780/7005] uploaded article 3570 with 1 files
[3781/7005] uploaded article 3571 with 1 files
[3782/7005] uploaded article 3572 with 1 files
[3785/7005] uploaded article 3575 with 1 files
[3783/7005] uploaded article 3573 with 1 files
[3784/7005] uploaded article 3574 with 1 files
[3786/7005] uploaded article 3576 with 1 files
[3788/7005] uploaded article 3578 with 1 files
[3787/7005] uploaded article 3577 with 1 files
[3789/7005] uploaded article 3579 with 1 files
[3790/7005] uploaded article 358 with 1 files
[3791/7005] uploaded article 3580 with 1 files
[3792/7005] uploaded article 3581 with 1 files
[3793/7005] uploaded article 3582 with 1 files
[3794/7005] uploaded article 3583 with 1 files
[3795/7005] uploaded article 3584 with 1 files
[3797/7005] uploaded article 3586 with 1 files
[3796/7005] uploaded article 3585 with 1 files
[3798/7005] uploaded article 3587 with 1 files
[3799/7005] uploaded article 3588 with 1 files
[3800/7005] uploaded article 3589 with 1 files
[3801/7005] uploaded article 359 with 1 files
[3802/7005] uploaded article 3590 with 1 files
[3803/7005] uploaded article 3591 with 1 files
[3804/7005] uploaded article 3592 with 1 files
[3805/7005] uploaded article 3593 with 1 files
[3806/7005] uploaded article 3594 with 1 files
[3807/7005] uploaded article 3595 with 1 files
[3808/7005] uploaded article 3596 with 1 files
[3809/7005] uploaded article 3597 with 1 files
[3810/7005] uploaded article 3598 with 1 files
[3811/7005] uploaded article 3599 with 1 files
[3812/7005] uploaded article 36 with 1 files
[3813/7005] uploaded article 360 with 1 files
[3815/7005] uploaded article 3601 with 1 files
[3814/7005] uploaded article 3600 with 1 files
[3817/7005] uploaded article 3603 with 1 files
[3818/7005] uploaded article 3604 with 1 files
[3816/7005] uploaded article 3602 with 1 files
[3821/7005] uploaded article 3607 with 1 files
[3819/7005] uploaded article 3605 with 1 files
[3820/7005] uploaded article 3606 with 1 files
[3824/7005] uploaded article 361 with 1 files
[3822/7005] uploaded article 3608 with 1 files
[3823/7005] uploaded article 3609 with 1 files
[3825/7005] uploaded article 3610 with 1 files
[3826/7005] uploaded article 3611 with 1 files
[3827/7005] uploaded article 3612 with 1 files
[3830/7005] uploaded article 3615 with 1 files
[3828/7005] uploaded article 3613 with 1 files
[3829/7005] uploaded article 3614 with 1 files
[3831/7005] uploaded article 3616 with 1 files
[3833/7005] uploaded article 3618 with 1 files
[3832/7005] uploaded article 3617 with 1 files
[3834/7005] uploaded article 3619 with 1 files
[3835/7005] uploaded article 362 with 1 files
[3836/7005] uploaded article 3620 with 1 files
[3837/7005] uploaded article 3621 with 1 files
[3838/7005] uploaded article 3622 with 1 files
[3839/7005] uploaded article 3623 with 1 files
[3840/7005] uploaded article 3624 with 1 files
[3842/7005] uploaded article 3626 with 1 files
[3841/7005] uploaded article 3625 with 1 files
[3843/7005] uploaded article 3627 with 1 files
[3844/7005] uploaded article 3628 with 1 files
[3845/7005] uploaded article 3629 with 1 files
[3846/7005] uploaded article 363 with 1 files
[3847/7005] uploaded article 3630 with 1 files
[3848/7005] uploaded article 3631 with 1 files
[3849/7005] uploaded article 3632 with 1 files
[3850/7005] uploaded article 3633 with 1 files
[3851/7005] uploaded article 3634 with 1 files
[3852/7005] uploaded article 3635 with 1 files
[3853/7005] uploaded article 3636 with 1 files
[3854/7005] uploaded article 3637 with 1 files
[3855/7005] uploaded article 3638 with 1 files
[3856/7005] uploaded article 3639 with 1 files
[3857/7005] uploaded article 364 with 1 files
[3858/7005] uploaded article 3640 with 1 files
[3859/7005] uploaded article 3641 with 1 files
[3860/7005] uploaded article 3642 with 1 files
[3861/7005] uploaded article 3643 with 1 files
[3862/7005] uploaded article 3644 with 1 files
[3863/7005] uploaded article 3645 with 1 files
[3864/7005] uploaded article 3646 with 1 files
[3866/7005] uploaded article 3648 with 1 files
[3865/7005] uploaded article 3647 with 1 files
[3867/7005] uploaded article 3649 with 1 files
[3868/7005] uploaded article 365 with 1 files
[3869/7005] uploaded article 3650 with 1 files
[3870/7005] uploaded article 3651 with 1 files
[3871/7005] uploaded article 3652 with 1 files
[3872/7005] uploaded article 3653 with 1 files
[3873/7005] uploaded article 3654 with 1 files
[3874/7005] uploaded article 3656 with 1 files
[3875/7005] uploaded article 3657 with 1 files
[3876/7005] uploaded article 366 with 1 files
[3877/7005] uploaded article 3661 with 1 files
[3878/7005] uploaded article 3662 with 1 files
[3879/7005] uploaded article 3663 with 1 files
[3880/7005] uploaded article 3664 with 1 files
[3881/7005] uploaded article 3665 with 1 files
[3882/7005] uploaded article 3666 with 1 files
[3885/7005] uploaded article 3669 with 1 files
[3884/7005] uploaded article 3668 with 1 files
[3883/7005] uploaded article 3667 with 1 files
[3887/7005] uploaded article 3670 with 1 files
[3888/7005] uploaded article 3671 with 1 files
[3886/7005] uploaded article 367 with 1 files
[3890/7005] uploaded article 3673 with 1 files
[3891/7005] uploaded article 3674 with 1 files
[3889/7005] uploaded article 3672 with 1 files
[3894/7005] uploaded article 3677 with 1 files
[3892/7005] uploaded article 3675 with 1 files
[3893/7005] uploaded article 3676 with 1 files
[3897/7005] uploaded article 368 with 1 files
[3895/7005] uploaded article 3678 with 1 files
[3896/7005] uploaded article 3679 with 1 files
[3898/7005] uploaded article 3680 with 1 files
[3900/7005] uploaded article 3682 with 1 files
[3899/7005] uploaded article 3681 with 1 files
[3903/7005] uploaded article 369 with 1 files
[3901/7005] uploaded article 3683 with 1 files
[3902/7005] uploaded article 3684 with 1 files
[3904/7005] uploaded article 3692 with 1 files
[3905/7005] uploaded article 3694 with 1 files
[3906/7005] uploaded article 3695 with 1 files
[3907/7005] uploaded article 3696 with 1 files
[3908/7005] uploaded article 3697 with 1 files
[3909/7005] uploaded article 3698 with 1 files
[3910/7005] uploaded article 3699 with 1 files
[3912/7005] uploaded article 370 with 1 files
[3911/7005] uploaded article 37 with 1 files
[3914/7005] uploaded article 3701 with 1 files
[3913/7005] uploaded article 3700 with 1 files
[3915/7005] uploaded article 3702 with 1 files
[3916/7005] uploaded article 3704 with 1 files
[3917/7005] uploaded article 3705 with 1 files
[3918/7005] uploaded article 3706 with 1 files
[3919/7005] uploaded article 3707 with 1 files
[3920/7005] uploaded article 3708 with 1 files
[3921/7005] uploaded article 3709 with 1 files
[3922/7005] uploaded article 371 with 1 files
[3923/7005] uploaded article 3710 with 1 files
[3924/7005] uploaded article 3711 with 1 files
[3925/7005] uploaded article 3712 with 1 files
[3926/7005] uploaded article 3713 with 1 files
[3927/7005] uploaded article 3714 with 1 files
[3928/7005] uploaded article 3715 with 1 files
[3929/7005] uploaded article 3716 with 1 files
[3930/7005] uploaded article 3717 with 1 files
[3931/7005] uploaded article 3718 with 1 files
[3932/7005] uploaded article 3719 with 1 files
[3933/7005] uploaded article 372 with 1 files
[3934/7005] uploaded article 3720 with 1 files
[3936/7005] uploaded article 3722 with 1 files
[3935/7005] uploaded article 3721 with 1 files
[3937/7005] uploaded article 3723 with 1 files
[3938/7005] uploaded article 3724 with 1 files
[3939/7005] uploaded article 3725 with 1 files
[3942/7005] uploaded article 3728 with 1 files
[3941/7005] uploaded article 3727 with 1 files
[3940/7005] uploaded article 3726 with 1 files
[3945/7005] uploaded article 3731 with 1 files
[3944/7005] uploaded article 3730 with 1 files
[3943/7005] uploaded article 3729 with 1 files
[3946/7005] uploaded article 3734 with 1 files
[3948/7005] uploaded article 3736 with 1 files
[3950/7005] uploaded article 3738 with 1 files
[3949/7005] uploaded article 3737 with 1 files
[3947/7005] uploaded article 3735 with 1 files
[3951/7005] uploaded article 3739 with 1 files
[3953/7005] uploaded article 3742 with 1 files
[3952/7005] uploaded article 3741 with 1 files
[3954/7005] uploaded article 3743 with 1 files
[3955/7005] uploaded article 3744 with 1 files
[3956/7005] uploaded article 3746 with 1 files
[3957/7005] uploaded article 3747 with 1 files
[3958/7005] uploaded article 3749 with 1 files
[3959/7005] uploaded article 375 with 1 files
[3960/7005] uploaded article 3753 with 1 files
[3961/7005] uploaded article 3754 with 1 files
[3962/7005] uploaded article 3755 with 1 files
[3964/7005] uploaded article 3757 with 1 files
[3963/7005] uploaded article 3756 with 1 files
[3965/7005] uploaded article 376 with 1 files
[3968/7005] uploaded article 3768 with 1 files
[3966/7005] uploaded article 3765 with 1 files
[3967/7005] uploaded article 3767 with 1 files
[3970/7005] uploaded article 3770 with 1 files
[3971/7005] uploaded article 3771 with 1 files
[3969/7005] uploaded article 3769 with 1 files
[3973/7005] uploaded article 3773 with 1 files
[3972/7005] uploaded article 3772 with 1 files
[3974/7005] uploaded article 3774 with 1 files
[3975/7005] uploaded article 3775 with 1 files
[3977/7005] uploaded article 3777 with 1 files
[3976/7005] uploaded article 3776 with 1 files
[3979/7005] uploaded article 3779 with 1 files
[3980/7005] uploaded article 3780 with 1 files
[3978/7005] uploaded article 3778 with 1 files
[3981/7005] uploaded article 3781 with 1 files
[3982/7005] uploaded article 3783 with 1 files
[3983/7005] uploaded article 3785 with 1 files
[3986/7005] uploaded article 3790 with 1 files
[3985/7005] uploaded article 3789 with 1 files
[3984/7005] uploaded article 3788 with 1 files
[3989/7005] uploaded article 3793 with 1 files
[3987/7005] uploaded article 3791 with 1 files
[3988/7005] uploaded article 3792 with 1 files
[3990/7005] uploaded article 3794 with 1 files
[3991/7005] uploaded article 3795 with 1 files
[3992/7005] uploaded article 3796 with 1 files
[3994/7005] uploaded article 3798 with 1 files
[3993/7005] uploaded article 3797 with 1 files
[3995/7005] uploaded article 3799 with 1 files
[3997/7005] uploaded article 3800 with 1 files
[3998/7005] uploaded article 3801 with 1 files
[3996/7005] uploaded article 38 with 1 files
[3999/7005] uploaded article 3804 with 1 files
[4000/7005] uploaded article 3805 with 1 files
[4001/7005] uploaded article 3806 with 1 files
[4004/7005] uploaded article 3809 with 1 files
[4003/7005] uploaded article 3808 with 1 files
[4002/7005] uploaded article 3807 with 1 files
[4005/7005] uploaded article 3810 with 1 files
[4006/7005] uploaded article 3811 with 1 files
[4007/7005] uploaded article 3812 with 1 files
[4008/7005] uploaded article 3813 with 1 files
[4009/7005] uploaded article 3814 with 1 files
[4010/7005] uploaded article 3815 with 1 files
[4013/7005] uploaded article 3820 with 1 files
[4011/7005] uploaded article 3816 with 1 files
[4012/7005] uploaded article 3817 with 1 files
[4016/7005] uploaded article 3823 with 1 files
[4015/7005] uploaded article 3822 with 1 files
[4014/7005] uploaded article 3821 with 1 files
[4017/7005] uploaded article 3824 with 1 files
[4018/7005] uploaded article 3825 with 1 files
[4019/7005] uploaded article 3826 with 1 files
[4020/7005] uploaded article 3827 with 1 files
[4021/7005] uploaded article 3828 with 1 files
[4022/7005] uploaded article 3829 with 1 files
[4024/7005] uploaded article 3831 with 1 files
[4023/7005] uploaded article 3830 with 1 files
[4025/7005] uploaded article 3832 with 1 files
[4026/7005] uploaded article 3833 with 1 files
[4028/7005] uploaded article 3841 with 1 files
[4027/7005] uploaded article 3834 with 1 files
[4029/7005] uploaded article 3842 with 1 files
[4030/7005] uploaded article 3843 with 1 files
[4031/7005] uploaded article 3844 with 1 files
[4032/7005] uploaded article 3845 with 1 files
[4033/7005] uploaded article 385 with 1 files
[4034/7005] uploaded article 386 with 1 files
[4035/7005] uploaded article 3868 with 1 files
[4036/7005] uploaded article 3869 with 1 files
[4037/7005] uploaded article 387 with 1 files
[4038/7005] uploaded article 3871 with 1 files
[4039/7005] uploaded article 3872 with 1 files
[4040/7005] uploaded article 3873 with 1 files
[4041/7005] uploaded article 3874 with 1 files
[4042/7005] uploaded article 3875 with 1 files
[4043/7005] uploaded article 3876 with 1 files
[4044/7005] uploaded article 3877 with 1 files
[4045/7005] uploaded article 3879 with 1 files
[4046/7005] uploaded article 388 with 1 files
[4047/7005] uploaded article 3889 with 1 files
[4048/7005] uploaded article 389 with 1 files
[4049/7005] uploaded article 389.00.09 with 1 files
[4050/7005] uploaded article 389.00.81 with 1 files
[4052/7005] uploaded article 389.03.62 with 1 files
[4051/7005] uploaded article 389.00.90 with 1 files
[4053/7005] uploaded article 3890 with 1 files
[4054/7005] uploaded article 3891 with 1 files
[4055/7005] uploaded article 3892 with 1 files
[4056/7005] uploaded article 3893 with 1 files
[4057/7005] uploaded article 3894 with 1 files
[4058/7005] uploaded article 3895 with 1 files
[4059/7005] uploaded article 3896 with 1 files
[4060/7005] uploaded article 3897 with 1 files
[4061/7005] uploaded article 3898 with 1 files
[4064/7005] uploaded article 390 with 1 files
[4063/7005] uploaded article 39 with 1 files
[4062/7005] uploaded article 3899 with 1 files
[4065/7005] uploaded article 3900 with 1 files
[4067/7005] uploaded article 3902 with 1 files
[4066/7005] uploaded article 3901 with 1 files
[4068/7005] uploaded article 3903 with 1 files
[4069/7005] uploaded article 3904 with 1 files
[4070/7005] uploaded article 3905 with 1 files
[4071/7005] uploaded article 3906 with 1 files
[4072/7005] uploaded article 3907 with 1 files
[4073/7005] uploaded article 3908 with 1 files
[4074/7005] uploaded article 3909 with 1 files
[4075/7005] uploaded article 391 with 1 files
[4076/7005] uploaded article 3910 with 1 files
[4077/7005] uploaded article 3911 with 1 files
[4078/7005] uploaded article 3912 with 1 files
[4079/7005] uploaded article 3913 with 1 files
[4080/7005] uploaded article 3914 with 1 files
[4081/7005] uploaded article 3915 with 1 files
[4082/7005] uploaded article 3916 with 1 files
[4083/7005] uploaded article 3917 with 1 files
[4084/7005] uploaded article 3918 with 1 files
[4085/7005] uploaded article 3919 with 1 files
[4086/7005] uploaded article 3920 with 1 files
[4087/7005] uploaded article 3921 with 1 files
[4088/7005] uploaded article 3922 with 1 files
[4089/7005] uploaded article 3923 with 1 files
[4090/7005] uploaded article 3924 with 1 files
[4091/7005] uploaded article 3925 with 1 files
[4092/7005] uploaded article 3926 with 1 files
[4093/7005] uploaded article 3927 with 1 files
[4094/7005] uploaded article 3928 with 1 files
[4095/7005] uploaded article 3929 with 1 files
[4096/7005] uploaded article 394 with 1 files
[4097/7005] uploaded article 39428Ð with 1 files
[4098/7005] uploaded article 3946 with 1 files
[4099/7005] uploaded article 3947 with 1 files
[4102/7005] uploaded article 3950 with 1 files
[4101/7005] uploaded article 395 with 1 files
[4100/7005] uploaded article 3949 with 1 files
[4103/7005] uploaded article 3951 with 1 files
[4104/7005] uploaded article 3952 with 1 files
[4105/7005] uploaded article 3953 with 1 files
[4106/7005] uploaded article 3954 with 1 files
[4107/7005] uploaded article 3955 with 1 files
[4108/7005] uploaded article 3956 with 1 files
[4109/7005] uploaded article 3957 with 1 files
[4110/7005] uploaded article 3958 with 1 files
[4111/7005] uploaded article 3959 with 1 files
[4112/7005] uploaded article 396 with 1 files
[4113/7005] uploaded article 3961 with 1 files
[4114/7005] uploaded article 3962 with 1 files
[4115/7005] uploaded article 3963 with 1 files
[4117/7005] uploaded article 3965 with 1 files
[4116/7005] uploaded article 3964 with 1 files
[4118/7005] uploaded article 3966 with 1 files
[4120/7005] uploaded article 3968 with 1 files
[4119/7005] uploaded article 3967 with 1 files
[4121/7005] uploaded article 3969 with 1 files
[4123/7005] uploaded article 3970 with 1 files
[4122/7005] uploaded article 397 with 1 files
[4124/7005] uploaded article 3972 with 1 files
[4125/7005] uploaded article 3973 with 1 files
[4126/7005] uploaded article 3974 with 1 files
[4127/7005] uploaded article 3975 with 1 files
[4129/7005] uploaded article 3977 with 1 files
[4128/7005] uploaded article 3976 with 1 files
[4130/7005] uploaded article 3978 with 1 files
[4132/7005] uploaded article 398 with 1 files
[4131/7005] uploaded article 3979 with 1 files
[4133/7005] uploaded article 3980 with 1 files
[4134/7005] uploaded article 3981 with 1 files
[4135/7005] uploaded article 3982 with 1 files
[4136/7005] uploaded article 3983 with 1 files
[4137/7005] uploaded article 3984 with 1 files
[4138/7005] uploaded article 3985 with 1 files
[4139/7005] uploaded article 3986 with 1 files
[4140/7005] uploaded article 3987 with 1 files
[4141/7005] uploaded article 3988 with 1 files
[4142/7005] uploaded article 3989 with 1 files
[4144/7005] uploaded article 3990 with 1 files
[4143/7005] uploaded article 399 with 1 files
[4145/7005] uploaded article 3991 with 1 files
[4147/7005] uploaded article 3994 with 1 files
[4146/7005] uploaded article 3992 with 1 files
[4148/7005] uploaded article 3995 with 1 files
[4149/7005] uploaded article 3996 with 1 files
[4150/7005] uploaded article 3997 with 1 files
[4151/7005] uploaded article 3999 with 1 files
[4153/7005] uploaded article 3ê08631 with 1 files
[4152/7005] uploaded article 3ê08630 with 1 files
[4154/7005] uploaded article 3ê08635 with 1 files
[4155/7005] uploaded article 3ê08638 with 1 files
[4156/7005] uploaded article 3ê08640 with 1 files
[4157/7005] uploaded article 3ê08671 with 1 files
[4159/7005] uploaded article 3ê08673 with 1 files
[4158/7005] uploaded article 3ê08672 with 1 files
[4160/7005] uploaded article 3ê08674 with 1 files
[4161/7005] uploaded article 3ê08676 with 1 files
[4162/7005] uploaded article 3ê08677 with 1 files
[4163/7005] uploaded article 3ê08678 with 1 files
[4164/7005] uploaded article 3ê08679 with 1 files
[4165/7005] uploaded article 3ê08680 with 1 files
[4166/7005] uploaded article 3ê08682 with 1 files
[4167/7005] uploaded article 4.0 #04 with 1 files
[4168/7005] uploaded article 40 with 1 files
[4169/7005] uploaded article 400 with 1 files
[4170/7005] uploaded article 400-11-03-S with 1 files
[4171/7005] uploaded article 400-11-25-D-BN1P with 1 files
[4172/7005] uploaded article 400-11-25-D-NL1 with 1 files
[4173/7005] uploaded article 400-11-3-E1 with 1 files
[4174/7005] uploaded article 400-11-3-E5 with 1 files
[4175/7005] uploaded article 400-11-3-W-D2 with 1 files
[4176/7005] uploaded article 400-11-3-W-D78 with 1 files
[4177/7005] uploaded article 400-11-3-Y-D13 with 1 files
[4178/7005] uploaded article 400-11-3-Y-D79 with 1 files
[4179/7005] uploaded article 400-11-3-Y-D8 with 1 files
[4180/7005] uploaded article 400-11-3-YD128 with 1 files
[4181/7005] uploaded article 400-11-3-YD131 with 1 files
[4182/7005] uploaded article 400-11-3-YD133 with 1 files
[4183/7005] uploaded article 400-13-3-G with 1 files
[4184/7005] uploaded article 400-13-3-M7 with 1 files
[4185/7005] uploaded article 400-13-3-XZ3 with 1 files
[4186/7005] uploaded article 400-13-3-XZ7 with 1 files
[4187/7005] uploaded article 400-13-3-XZ8 with 1 files
[4188/7005] uploaded article 400-13-3-Y-M14 with 1 files
[4189/7005] uploaded article 400-13-3-Y-M7P with 1 files
[4190/7005] uploaded article 400-13-4-XZ3 with 1 files
[4191/7005] uploaded article 400-13-4-XZ7 with 1 files
[4192/7005] uploaded article 400-13-4-XZ8 with 1 files
[4193/7005] uploaded article 400-13-4-Y-M7P with 1 files
[4194/7005] uploaded article 400-17-03-B with 1 files
[4195/7005] uploaded article 400-17-03-G with 1 files
[4196/7005] uploaded article 400-17-03-S with 1 files
[4197/7005] uploaded article 400-17-04-B with 1 files
[4198/7005] uploaded article 400-17-04-C with 1 files
[4199/7005] uploaded article 400-17-04-G with 1 files
[4200/7005] uploaded article 400-17-04-S with 1 files
[4201/7005] uploaded article 400-28-3-1GO with 1 files
[4202/7005] uploaded article 400-28-3-B with 1 files
[4203/7005] uploaded article 400-28-3-G with 1 files
[4204/7005] uploaded article 400-28-3-S with 1 files
[4205/7005] uploaded article 400-28-4-1CU with 1 files
[4206/7005] uploaded article 400-28-4-1GO with 1 files
[4207/7005] uploaded article 400-28-4-1NG with 1 files
[4208/7005] uploaded article 400-28-4-1SIL with 1 files
[4209/7005] uploaded article 400-28-4-YQ23 with 1 files
[4210/7005] uploaded article 400-28-4-YQ2P with 1 files
[4211/7005] uploaded article 400-28-4-YQ7P with 1 files
[4212/7005] uploaded article 400-301-26-B with 1 files
[4213/7005] uploaded article 400-601-47-BD3P with 1 files
[4214/7005] uploaded article 400-61-25-B with 1 files
[4215/7005] uploaded article 400-61-25-G with 1 files
[4216/7005] uploaded article 400-61-25-XZ10 with 1 files
[4217/7005] uploaded article 400-61-25-XZ2 with 1 files
[4218/7005] uploaded article 400-61-25-XZ5 with 1 files
[4219/7005] uploaded article 400-61-25-XZ8 with 1 files
[4220/7005] uploaded article 400-61-25-XZ9 with 1 files
[4221/7005] uploaded article 400-62-35-B with 1 files
[4222/7005] uploaded article 400-62-35-G with 1 files
[4223/7005] uploaded article 400-62-35-S with 1 files
[4224/7005] uploaded article 4000 with 1 files
[4225/7005] uploaded article 4001 with 1 files
[4226/7005] uploaded article 4002 with 1 files
[4227/7005] uploaded article 4003 with 1 files
[4228/7005] uploaded article 4004 with 1 files
[4230/7005] uploaded article 4006 with 1 files
[4229/7005] uploaded article 4005 with 1 files
[4231/7005] uploaded article 4007 with 1 files
[4232/7005] uploaded article 4008 with 1 files
[4233/7005] uploaded article 4009 with 1 files
[4235/7005] uploaded article 4010 with 1 files
[4234/7005] uploaded article 401 with 1 files
[4236/7005] uploaded article 4012 with 1 files
[4237/7005] uploaded article 4013 with 1 files
[4238/7005] uploaded article 4014 with 1 files
[4239/7005] uploaded article 4015 with 1 files
[4240/7005] uploaded article 4016 with 1 files
[4241/7005] uploaded article 4017 with 1 files
[4242/7005] uploaded article 4019 with 1 files
[4244/7005] uploaded article 4023 with 1 files
[4243/7005] uploaded article 402 with 1 files
[4245/7005] uploaded article 4024 with 1 files
[4246/7005] uploaded article 4025 with 1 files
[4247/7005] uploaded article 4026 with 1 files
[4248/7005] uploaded article 4027 with 1 files
[4250/7005] uploaded article 4030 with 1 files
[4249/7005] uploaded article 403 with 1 files
[4251/7005] uploaded article 4036 with 1 files
[4252/7005] uploaded article 4037 with 1 files
[4253/7005] uploaded article 4038 with 1 files
[4254/7005] uploaded article 4039 with 1 files
[4255/7005] uploaded article 404 with 1 files
[4256/7005] uploaded article 4040 with 1 files
[4257/7005] uploaded article 4041 with 1 files
[4258/7005] uploaded article 4042 with 1 files
[4259/7005] uploaded article 4043 with 1 files
[4260/7005] uploaded article 406 with 1 files
[4261/7005] uploaded article 4061 with 1 files
[4262/7005] uploaded article 4063 with 1 files
[4263/7005] uploaded article 4063-600 with 1 files
[4264/7005] uploaded article 4064 with 1 files
[4265/7005] uploaded article 4065 with 1 files
[4266/7005] uploaded article 4065011 with 1 files
[4267/7005] uploaded article 4066 with 1 files
[4269/7005] uploaded article 4066-600 with 1 files
[4268/7005] uploaded article 4066-500 with 1 files
[4270/7005] uploaded article 4067 with 1 files
[4272/7005] uploaded article 407 with 1 files
[4271/7005] uploaded article 4067-600 with 1 files
[4273/7005] uploaded article 4071 with 1 files
[4274/7005] uploaded article 4072 with 1 files
[4275/7005] uploaded article 4073 with 1 files
[4276/7005] uploaded article 4074 with 1 files
[4277/7005] uploaded article 4075 with 1 files
[4278/7005] uploaded article 4077 with 1 files
[4280/7005] uploaded article 4079 with 1 files
[4279/7005] uploaded article 4078 with 1 files
[4281/7005] uploaded article 408 with 1 files
[4282/7005] uploaded article 4080 with 1 files
[4283/7005] uploaded article 4081 with 1 files
[4284/7005] uploaded article 4082 with 1 files
[4287/7005] uploaded article 4086 with 1 files
[4285/7005] uploaded article 4083 with 1 files
[4286/7005] uploaded article 4085 with 1 files
[4290/7005] uploaded article 4089 with 1 files
[4288/7005] uploaded article 4087 with 1 files
[4289/7005] uploaded article 4088 with 1 files
[4292/7005] uploaded article 4090 with 1 files
[4293/7005] uploaded article 4091 with 1 files
[4291/7005] uploaded article 409 with 1 files
[4294/7005] uploaded article 4092 with 1 files
[4296/7005] uploaded article 4094 with 1 files
[4295/7005] uploaded article 4093 with 1 files
[4298/7005] uploaded article 4097 with 1 files
[4299/7005] uploaded article 4098 with 1 files
[4297/7005] uploaded article 4096 with 1 files
[4300/7005] uploaded article 4099 with 1 files
[4302/7005] uploaded article 410 with 1 files
[4301/7005] uploaded article 41 with 1 files
[4303/7005] uploaded article 4100 with 1 files
[4304/7005] uploaded article 4101 with 1 files
[4305/7005] uploaded article 4102 with 1 files
[4307/7005] uploaded article 4104 with 1 files
[4308/7005] uploaded article 4105 with 1 files
[4306/7005] uploaded article 4103 with 1 files
[4309/7005] uploaded article 4106 with 1 files
[4310/7005] uploaded article 4106074 with 1 files
[4311/7005] uploaded article 4106075 with 1 files
[4312/7005] uploaded article 41060760 with 1 files
[4313/7005] uploaded article 4106077 with 1 files
[4314/7005] uploaded article 4106078 with 1 files
[4315/7005] uploaded article 4106079 with 1 files
[4316/7005] uploaded article 41062320 with 1 files
[4317/7005] uploaded article 41062380 with 1 files
[4319/7005] uploaded article 41062622 with 1 files
[4318/7005] uploaded article 41062621 with 1 files
[4320/7005] uploaded article 41062623 with 1 files
[4321/7005] uploaded article 41062624 with 1 files
[4322/7005] uploaded article 41062625 with 1 files
[4323/7005] uploaded article 411 with 1 files
[4326/7005] uploaded article 4112 with 1 files
[4325/7005] uploaded article 4111 with 1 files
[4324/7005] uploaded article 4110 with 1 files
[4328/7005] uploaded article 4114 with 1 files
[4329/7005] uploaded article 4117 with 1 files
[4327/7005] uploaded article 4113 with 1 files
[4331/7005] uploaded article 4119 with 1 files
[4330/7005] uploaded article 4118 with 1 files
[4332/7005] uploaded article 412 with 1 files
[4334/7005] uploaded article 4121 with 1 files
[4333/7005] uploaded article 4120 with 1 files
[4335/7005] uploaded article 4123 with 1 files
[4337/7005] uploaded article 4125 with 1 files
[4336/7005] uploaded article 4124 with 1 files
[4338/7005] uploaded article 4126 with 1 files
[4341/7005] uploaded article 4129 with 1 files
[4340/7005] uploaded article 4128 with 1 files
[4339/7005] uploaded article 4127 with 1 files
[4343/7005] uploaded article 4130 with 1 files
[4342/7005] uploaded article 413 with 1 files
[4344/7005] uploaded article 4136 with 1 files
[4345/7005] uploaded article 4137 with 1 files
[4346/7005] uploaded article 4138 with 1 files
[4347/7005] uploaded article 4139 with 1 files
[4348/7005] uploaded article 4139021 with 1 files
[4350/7005] uploaded article 4139024 with 1 files
[4349/7005] uploaded article 4139022 with 1 files
[4352/7005] uploaded article 4140 with 1 files
[4351/7005] uploaded article 414 with 1 files
[4353/7005] uploaded article 4141 with 1 files
[4356/7005] uploaded article 4144 with 1 files
[4355/7005] uploaded article 4143 with 1 files
[4354/7005] uploaded article 4142 with 1 files
[4357/7005] uploaded article 4145 with 1 files
[4358/7005] uploaded article 4154 with 1 files
[4359/7005] uploaded article 4157 with 1 files
[4361/7005] uploaded article 416 with 1 files
[4362/7005] uploaded article 4160 with 1 files
[4360/7005] uploaded article 4159 with 1 files
[4365/7005] uploaded article 4163 with 1 files
[4363/7005] uploaded article 4161 with 1 files
[4364/7005] uploaded article 4162 with 1 files
[4366/7005] uploaded article 4164 with 1 files
[4368/7005] uploaded article 4165101 with 1 files
[4367/7005] uploaded article 4165100 with 1 files
[4370/7005] uploaded article 417 with 1 files
[4369/7005] uploaded article 4169 with 1 files
[4371/7005] uploaded article 4170 with 1 files
[4372/7005] uploaded article 4171 with 1 files
[4373/7005] uploaded article 4172 with 1 files
[4374/7005] uploaded article 4173 with 1 files
[4376/7005] uploaded article 4176 with 1 files
[4375/7005] uploaded article 4174 with 1 files
[4377/7005] uploaded article 4177 with 1 files
[4380/7005] uploaded article 4180 with 1 files
[4379/7005] uploaded article 418 with 1 files
[4378/7005] uploaded article 4179 with 1 files
[4382/7005] uploaded article 4182 with 1 files
[4381/7005] uploaded article 4181 with 1 files
[4383/7005] uploaded article 4183 with 1 files
[4385/7005] uploaded article 4185 with 1 files
[4386/7005] uploaded article 4186 with 1 files
[4384/7005] uploaded article 4184 with 1 files
[4387/7005] uploaded article 4187 with 1 files
[4388/7005] uploaded article 4188 with 1 files
[4389/7005] uploaded article 419 with 1 files
[4390/7005] uploaded article 4190 with 1 files
[4391/7005] uploaded article 4193 with 1 files
[4392/7005] uploaded article 4194 with 1 files
[4393/7005] uploaded article 4199 with 1 files
[4395/7005] uploaded article 420 with 1 files
[4394/7005] uploaded article 42 with 1 files
[4398/7005] uploaded article 4202 with 1 files
[4396/7005] uploaded article 4200 with 1 files
[4397/7005] uploaded article 4201 with 1 files
[4400/7005] uploaded article 4205 with 1 files
[4401/7005] uploaded article 4206 with 1 files
[4399/7005] uploaded article 4203 with 1 files
[4402/7005] uploaded article 42060374 with 1 files
[4403/7005] uploaded article 42060375 with 1 files
[4404/7005] uploaded article 42060376 with 1 files
[4406/7005] uploaded article 42060378 with 1 files
[4407/7005] uploaded article 4207 with 1 files
[4405/7005] uploaded article 42060377 with 1 files
[4408/7005] uploaded article 4208 with 1 files
[4410/7005] uploaded article 421 with 1 files
[4409/7005] uploaded article 4209 with 1 files
[4412/7005] uploaded article 4212 with 1 files
[4411/7005] uploaded article 4210 with 1 files
[4413/7005] uploaded article 4213 with 1 files
[4416/7005] uploaded article 422-02 with 1 files
[4415/7005] uploaded article 422 with 1 files
[4414/7005] uploaded article 4214 with 1 files
[4417/7005] uploaded article 4221 with 1 files
[4419/7005] uploaded article 4228 with 1 files
[4418/7005] uploaded article 4224 with 1 files
[4421/7005] uploaded article 423 with 1 files
[4422/7005] uploaded article 4230 with 1 files
[4420/7005] uploaded article 4229 with 1 files
[4423/7005] uploaded article 4231 with 1 files
[4424/7005] uploaded article 4232 with 1 files
[4425/7005] uploaded article 4234 with 1 files
[4426/7005] uploaded article 4235 with 1 files
[4427/7005] uploaded article 4237 with 1 files
[4428/7005] uploaded article 4238 with 1 files
[4429/7005] uploaded article 4239 with 1 files
[4430/7005] uploaded article 424 with 1 files
[4431/7005] uploaded article 4240 with 1 files
[4432/7005] uploaded article 4241 with 1 files
[4434/7005] uploaded article 4243 with 1 files
[4433/7005] uploaded article 4242 with 1 files
[4435/7005] uploaded article 4244 with 1 files
[4436/7005] uploaded article 4245 with 1 files
[4437/7005] uploaded article 4248 with 1 files
[4438/7005] uploaded article 425 with 1 files
[4439/7005] uploaded article 4251 with 1 files
[4440/7005] uploaded article 4253 with 1 files
[4441/7005] uploaded article 4254 with 1 files
[4442/7005] uploaded article 4255 with 1 files
[4443/7005] uploaded article 4256 with 1 files
[4444/7005] uploaded article 4257 with 1 files
[4445/7005] uploaded article 4258 with 1 files
[4446/7005] uploaded article 4259 with 1 files
[4447/7005] uploaded article 426 with 1 files
[4448/7005] uploaded article 4260 with 1 files
[4449/7005] uploaded article 4261 with 1 files
[4450/7005] uploaded article 4262 with 1 files
[4451/7005] uploaded article 4263 with 1 files
[4452/7005] uploaded article 4264 with 1 files
[4454/7005] uploaded article 4269 with 1 files
[4453/7005] uploaded article 4265 with 1 files
[4455/7005] uploaded article 427 with 1 files
[4456/7005] uploaded article 4270 with 1 files
[4457/7005] uploaded article 4278 with 1 files
[4458/7005] uploaded article 4279 with 1 files
[4460/7005] uploaded article 4280 with 1 files
[4459/7005] uploaded article 428 with 1 files
[4461/7005] uploaded article 4282 with 1 files
[4463/7005] uploaded article 4284 with 1 files
[4462/7005] uploaded article 4283 with 1 files
[4464/7005] uploaded article 4285 with 1 files
[4465/7005] uploaded article 4286 with 1 files
[4466/7005] uploaded article 4289 with 1 files
[4467/7005] uploaded article 429 with 1 files
[4468/7005] uploaded article 4290 with 1 files
[4469/7005] uploaded article 4291 with 1 files
[4470/7005] uploaded article 4292 with 1 files
[4471/7005] uploaded article 4293 with 1 files
[4472/7005] uploaded article 4294 with 1 files
[4473/7005] uploaded article 4295 with 1 files
[4475/7005] uploaded article 4297 with 1 files
[4474/7005] uploaded article 4296 with 1 files
[4476/7005] uploaded article 4298 with 1 files
[4477/7005] uploaded article 4299 with 1 files
[4478/7005] uploaded article 430 with 1 files
[4479/7005] uploaded article 4300 with 1 files
[4480/7005] uploaded article 43006 with 1 files
[4481/7005] uploaded article 4301 with 1 files
[4482/7005] uploaded article 4302 with 1 files
[4483/7005] uploaded article 4303 with 1 files
[4484/7005] uploaded article 4304 with 1 files
[4485/7005] uploaded article 4305 with 1 files
[4487/7005] uploaded article 4307 with 1 files
[4486/7005] uploaded article 4306 with 1 files
[4488/7005] uploaded article 4308 with 1 files
[4489/7005] uploaded article 4309 with 1 files
[4490/7005] uploaded article 431 with 1 files
[4491/7005] uploaded article 4310 with 1 files
[4492/7005] uploaded article 4311 with 1 files
[4493/7005] uploaded article 4312 with 1 files
[4494/7005] uploaded article 4313 with 1 files
[4496/7005] uploaded article 4315 with 1 files
[4495/7005] uploaded article 4314 with 1 files
[4497/7005] uploaded article 432 with 1 files
[4498/7005] uploaded article 4322 with 1 files
[4499/7005] uploaded article 4323 with 1 files
[4500/7005] uploaded article 4324 with 1 files
[4501/7005] uploaded article 4325 with 1 files
[4502/7005] uploaded article 4326 with 1 files
[4503/7005] uploaded article 4327 with 1 files
[4504/7005] uploaded article 4329 with 1 files
[4505/7005] uploaded article 433 with 1 files
[4506/7005] uploaded article 4330 with 1 files
[4507/7005] uploaded article 4337 with 1 files
[4508/7005] uploaded article 4338 with 1 files
[4509/7005] uploaded article 4339 with 1 files
[4510/7005] uploaded article 434 with 1 files
[4511/7005] uploaded article 4340 with 1 files
[4512/7005] uploaded article 4341 with 1 files
[4513/7005] uploaded article 4342 with 1 files
[4514/7005] uploaded article 4344 with 1 files
[4515/7005] uploaded article 4345 with 1 files
[4516/7005] uploaded article 4348 with 1 files
[4517/7005] uploaded article 435 with 1 files
[4518/7005] uploaded article 4351 with 1 files
[4519/7005] uploaded article 4352 with 1 files
[4520/7005] uploaded article 4353 with 1 files
[4521/7005] uploaded article 4354 with 1 files
[4522/7005] uploaded article 4355 with 1 files
[4523/7005] uploaded article 4357 with 1 files
[4524/7005] uploaded article 4358 with 1 files
[4526/7005] uploaded article 4362 with 1 files
[4525/7005] uploaded article 436 with 1 files
[4527/7005] uploaded article 4365 with 1 files
[4528/7005] uploaded article 4366 with 1 files
[4529/7005] uploaded article 437 with 1 files
[4530/7005] uploaded article 4370 with 1 files
[4531/7005] uploaded article 4371 with 1 files
[4532/7005] uploaded article 4372 with 1 files
[4533/7005] uploaded article 4373 with 1 files
[4534/7005] uploaded article 4374 with 1 files
[4536/7005] uploaded article 4378 with 1 files
[4537/7005] uploaded article 438 with 1 files
[4538/7005] uploaded article 4380 with 1 files
[4539/7005] uploaded article 4381 with 1 files
[4535/7005] uploaded article 4377 with 1 files
[4540/7005] uploaded article 4382 with 1 files
[4541/7005] uploaded article 4383 with 1 files
[4542/7005] uploaded article 4384 with 1 files
[4543/7005] uploaded article 4385 with 1 files
[4544/7005] uploaded article 4386 with 1 files
[4546/7005] uploaded article 4388 with 1 files
[4545/7005] uploaded article 4387 with 1 files
[4547/7005] uploaded article 4389 with 1 files
[4549/7005] uploaded article 4390 with 1 files
[4548/7005] uploaded article 439 with 1 files
[4550/7005] uploaded article 4391 with 1 files
[4551/7005] uploaded article 4392 with 1 files
[4552/7005] uploaded article 4393 with 1 files
[4553/7005] uploaded article 4394 with 1 files
[4555/7005] uploaded article 4398 with 1 files
[4554/7005] uploaded article 4397 with 1 files
[4556/7005] uploaded article 4399 with 1 files
[4558/7005] uploaded article 4401 with 1 files
[4557/7005] uploaded article 440 with 1 files
[4559/7005] uploaded article 4402 with 1 files
[4562/7005] uploaded article 4408 with 1 files
[4560/7005] uploaded article 4406 with 1 files
[4561/7005] uploaded article 4407 with 1 files
[4565/7005] uploaded article 4409532 with 1 files
[4564/7005] uploaded article 4409531 with 1 files
[4563/7005] uploaded article 4409530 with 1 files
[4567/7005] uploaded article 441 with 1 files
[4568/7005] uploaded article 4410 with 1 files
[4566/7005] uploaded article 4409533 with 1 files
[4569/7005] uploaded article 4412 with 1 files
[4571/7005] uploaded article 4414 with 1 files
[4570/7005] uploaded article 44123Ì with 1 files
[4573/7005] uploaded article 4417 with 1 files
[4572/7005] uploaded article 4416 with 1 files
[4574/7005] uploaded article 4418 with 1 files
[4575/7005] uploaded article 442 with 1 files
[4576/7005] uploaded article 4420 with 1 files
[4577/7005] uploaded article 4420001 with 1 files
[4578/7005] uploaded article 4420002 with 1 files
[4579/7005] uploaded article 4420003 with 1 files
[4580/7005] uploaded article 4420004 with 1 files
[4581/7005] uploaded article 4420010 with 1 files
[4583/7005] uploaded article 4420012 with 1 files
[4582/7005] uploaded article 4420011 with 1 files
[4584/7005] uploaded article 4420013 with 1 files
[4586/7005] uploaded article 4420040 with 1 files
[4585/7005] uploaded article 4420014 with 1 files
[4587/7005] uploaded article 4420041 with 1 files
[4588/7005] uploaded article 4420121 with 1 files
[4589/7005] uploaded article 4420123 with 1 files
[4590/7005] uploaded article 4420125 with 1 files
[4591/7005] uploaded article 4422 with 1 files
[4592/7005] uploaded article 4423 with 1 files
[4593/7005] uploaded article 4424 with 1 files
[4594/7005] uploaded article 4425 with 1 files
[4595/7005] uploaded article 4426 with 1 files
[4596/7005] uploaded article 443 with 1 files
[4598/7005] uploaded article 4439 with 1 files
[4597/7005] uploaded article 4438 with 1 files
[4599/7005] uploaded article 444 with 1 files
[4600/7005] uploaded article 4440 with 1 files
[4601/7005] uploaded article 4441 with 1 files
[4602/7005] uploaded article 4442 with 1 files
[4603/7005] uploaded article 4444 with 1 files
[4604/7005] uploaded article 4445 with 1 files
[4605/7005] uploaded article 445 with 1 files
[4607/7005] uploaded article 4465 with 1 files
[4606/7005] uploaded article 446 with 1 files
[4608/7005] uploaded article 4466 with 1 files
[4610/7005] uploaded article 4468 with 1 files
[4609/7005] uploaded article 4467 with 1 files
[4611/7005] uploaded article 4469 with 1 files
[4613/7005] uploaded article 4470 with 1 files
[4612/7005] uploaded article 447 with 1 files
[4615/7005] uploaded article 4472 with 1 files
[4614/7005] uploaded article 4471 with 1 files
[4616/7005] uploaded article 4473 with 1 files
[4617/7005] uploaded article 4474 with 1 files
[4618/7005] uploaded article 4475 with 1 files
[4619/7005] uploaded article 4476 with 1 files
[4621/7005] uploaded article 4486 with 1 files
[4620/7005] uploaded article 448 with 1 files
[4622/7005] uploaded article 4487 with 1 files
[4623/7005] uploaded article 4488 with 1 files
[4625/7005] uploaded article 449 with 1 files
[4624/7005] uploaded article 4489 with 1 files
[4626/7005] uploaded article 4490 with 1 files
[4627/7005] uploaded article 4491 with 1 files
[4628/7005] uploaded article 4492 with 1 files
[4629/7005] uploaded article 4493 with 1 files
[4630/7005] uploaded article 4494 with 1 files
[4631/7005] uploaded article 4495 with 1 files
[4632/7005] uploaded article 4496 with 1 files
[4633/7005] uploaded article 4497 with 1 files
[4634/7005] uploaded article 4498 with 1 files
[4635/7005] uploaded article 4499 with 1 files
[4636/7005] uploaded article 450 with 1 files
[4637/7005] uploaded article 4500 with 1 files
[4638/7005] uploaded article 4501 with 1 files
[4639/7005] uploaded article 4502 with 1 files
[4640/7005] uploaded article 4503 with 1 files
[4641/7005] uploaded article 4504 with 1 files
[4642/7005] uploaded article 4505 with 1 files
[4643/7005] uploaded article 4506 with 1 files
[4644/7005] uploaded article 4509 with 1 files
[4645/7005] uploaded article 4509345 with 1 files
[4646/7005] uploaded article 4509346 with 1 files
[4647/7005] uploaded article 4509347 with 1 files
[4648/7005] uploaded article 4509348 with 1 files
[4649/7005] uploaded article 4509349 with 1 files
[4651/7005] uploaded article 4509351 with 1 files
[4650/7005] uploaded article 4509350 with 1 files
[4652/7005] uploaded article 4509352 with 1 files
[4655/7005] uploaded article 4509390 with 1 files
[4654/7005] uploaded article 4509354 with 1 files
[4653/7005] uploaded article 4509353 with 1 files
[4657/7005] uploaded article 4510 with 1 files
[4656/7005] uploaded article 451 with 1 files
[4658/7005] uploaded article 4511 with 1 files
[4659/7005] uploaded article 4512 with 1 files
[4660/7005] uploaded article 4513 with 1 files
[4661/7005] uploaded article 4514 with 1 files
[4662/7005] uploaded article 4515 with 1 files
[4663/7005] uploaded article 4516 with 1 files
[4664/7005] uploaded article 4517 with 1 files
[4665/7005] uploaded article 4518 with 1 files
[4666/7005] uploaded article 4519 with 1 files
[4667/7005] uploaded article 452 with 1 files
[4668/7005] uploaded article 4520 with 1 files
[4669/7005] uploaded article 4520030 with 1 files
[4670/7005] uploaded article 4520031 with 1 files
[4671/7005] uploaded article 4520032 with 1 files
[4672/7005] uploaded article 4520033 with 1 files
[4673/7005] uploaded article 4520034 with 1 files
[4674/7005] uploaded article 4520035 with 1 files
[4676/7005] uploaded article 4521 with 1 files
[4675/7005] uploaded article 4520036 with 1 files
[4678/7005] uploaded article 4523 with 1 files
[4677/7005] uploaded article 4522 with 1 files
[4679/7005] uploaded article 4524 with 1 files
[4680/7005] uploaded article 4525 with 1 files
[4681/7005] uploaded article 4526 with 1 files
[4682/7005] uploaded article 4527 with 1 files
[4683/7005] uploaded article 4528 with 1 files
[4684/7005] uploaded article 4529 with 1 files
[4685/7005] uploaded article 453 with 1 files
[4688/7005] uploaded article 4532 with 1 files
[4686/7005] uploaded article 4530 with 1 files
[4687/7005] uploaded article 4531 with 1 files
[4690/7005] uploaded article 4534 with 1 files
[4691/7005] uploaded article 4535 with 1 files
[4689/7005] uploaded article 4533 with 1 files
[4694/7005] uploaded article 4538 with 1 files
[4692/7005] uploaded article 4536 with 1 files
[4693/7005] uploaded article 4537 with 1 files
[4695/7005] uploaded article 4539 with 1 files
[4696/7005] uploaded article 454 with 1 files
[4697/7005] uploaded article 4540 with 1 files
[4698/7005] uploaded article 4541 with 1 files
[4699/7005] uploaded article 4542 with 1 files
[4700/7005] uploaded article 4543 with 1 files
[4701/7005] uploaded article 4544 with 1 files
[4702/7005] uploaded article 4545 with 1 files
[4703/7005] uploaded article 4546 with 1 files
[4704/7005] uploaded article 4547 with 1 files
[4705/7005] uploaded article 4548 with 1 files
[4706/7005] uploaded article 4549 with 1 files
[4707/7005] uploaded article 455 with 1 files
[4709/7005] uploaded article 4551 with 1 files
[4708/7005] uploaded article 4550 with 1 files
[4711/7005] uploaded article 4553 with 1 files
[4710/7005] uploaded article 4552 with 1 files
[4712/7005] uploaded article 4554 with 1 files
[4713/7005] uploaded article 4555 with 1 files
[4714/7005] uploaded article 4556 with 1 files
[4715/7005] uploaded article 4557 with 1 files
[4716/7005] uploaded article 4558 with 1 files
[4717/7005] uploaded article 4559 with 1 files
[4718/7005] uploaded article 456 with 1 files
[4719/7005] uploaded article 4560 with 1 files
[4720/7005] uploaded article 4561 with 1 files
[4721/7005] uploaded article 4562 with 1 files
[4722/7005] uploaded article 4563 with 1 files
[4723/7005] uploaded article 4564 with 1 files
[4724/7005] uploaded article 4565 with 1 files
[4726/7005] uploaded article 4567 with 1 files
[4725/7005] uploaded article 4566 with 1 files
[4728/7005] uploaded article 4569 with 1 files
[4729/7005] uploaded article 457 with 1 files
[4727/7005] uploaded article 4568 with 1 files
[4730/7005] uploaded article 4570 with 1 files
[4731/7005] uploaded article 4571 with 1 files
[4732/7005] uploaded article 4572 with 1 files
[4734/7005] uploaded article 4574 with 1 files
[4733/7005] uploaded article 4573 with 1 files
[4735/7005] uploaded article 4575 with 1 files
[4737/7005] uploaded article 4577 with 1 files
[4736/7005] uploaded article 4576 with 1 files
[4738/7005] uploaded article 4578 with 1 files
[4739/7005] uploaded article 4579 with 1 files
[4740/7005] uploaded article 458 with 1 files
[4741/7005] uploaded article 4580 with 1 files
[4742/7005] uploaded article 4581 with 1 files
[4743/7005] uploaded article 4582 with 1 files
[4744/7005] uploaded article 4583 with 1 files
[4746/7005] uploaded article 4585 with 1 files
[4745/7005] uploaded article 4584 with 1 files
[4747/7005] uploaded article 4589 with 1 files
[4748/7005] uploaded article 459 with 1 files
[4749/7005] uploaded article 4590 with 1 files
[4750/7005] uploaded article 4591 with 1 files
[4752/7005] uploaded article 4593 with 1 files
[4751/7005] uploaded article 4592 with 1 files
[4753/7005] uploaded article 4594 with 1 files
[4755/7005] uploaded article 4596 with 1 files
[4754/7005] uploaded article 4595 with 1 files
[4756/7005] uploaded article 45S with 1 files
[4758/7005] uploaded article 4601 with 1 files
[4760/7005] uploaded article 4603 with 1 files
[4757/7005] uploaded article 460 with 1 files
[4759/7005] uploaded article 4602 with 1 files
[4761/7005] uploaded article 4604 with 1 files
[4762/7005] uploaded article 4605 with 1 files
[4763/7005] uploaded article 4606 with 1 files
[4764/7005] uploaded article 4608 with 1 files
[4765/7005] uploaded article 4609 with 1 files
[4766/7005] uploaded article 461 with 1 files
[4768/7005] uploaded article 4613 with 1 files
[4767/7005] uploaded article 4612 with 1 files
[4769/7005] uploaded article 4614 with 1 files
[4770/7005] uploaded article 4615 with 1 files
[4771/7005] uploaded article 4619 with 1 files
[4772/7005] uploaded article 462 with 1 files
[4774/7005] uploaded article 4624 with 1 files
[4773/7005] uploaded article 4620 with 1 files
[4775/7005] uploaded article 4625 with 1 files
[4777/7005] uploaded article 4627 with 1 files
[4776/7005] uploaded article 4626 with 1 files
[4778/7005] uploaded article 463 with 1 files
[4779/7005] uploaded article 4630 with 1 files
[4780/7005] uploaded article 4631 with 1 files
[4781/7005] uploaded article 4632 with 1 files
[4783/7005] uploaded article 4635 with 1 files
[4782/7005] uploaded article 4633 with 1 files
[4784/7005] uploaded article 4636 with 1 files
[4786/7005] uploaded article 4638 with 1 files
[4785/7005] uploaded article 4637 with 1 files
[4787/7005] uploaded article 4639 with 1 files
[4789/7005] uploaded article 4640 with 1 files
[4788/7005] uploaded article 464 with 1 files
[4790/7005] uploaded article 4641 with 1 files
[4791/7005] uploaded article 4642 with 1 files
[4792/7005] uploaded article 4643 with 1 files
[4793/7005] uploaded article 4644 with 1 files
[4795/7005] uploaded article 4646 with 1 files
[4794/7005] uploaded article 4645 with 1 files
[4796/7005] uploaded article 4647 with 1 files
[4797/7005] uploaded article 4648 with 1 files
[4798/7005] uploaded article 4649 with 1 files
[4799/7005] uploaded article 465 with 1 files
[4801/7005] uploaded article 4651 with 1 files
[4800/7005] uploaded article 4650 with 1 files
[4802/7005] uploaded article 4652 with 1 files
[4804/7005] uploaded article 4654 with 1 files
[4803/7005] uploaded article 4653 with 1 files
[4805/7005] uploaded article 4655 with 1 files
[4806/7005] uploaded article 4656 with 1 files
[4807/7005] uploaded article 4657 with 1 files
[4808/7005] uploaded article 4658 with 1 files
[4809/7005] uploaded article 4659 with 1 files
[4810/7005] uploaded article 466 with 1 files
[4811/7005] uploaded article 4660 with 1 files
[4812/7005] uploaded article 4661 with 1 files
[4813/7005] uploaded article 4662 with 1 files
[4815/7005] uploaded article 4664 with 1 files
[4814/7005] uploaded article 4663 with 1 files
[4816/7005] uploaded article 4665 with 1 files
[4817/7005] uploaded article 4666 with 1 files
[4818/7005] uploaded article 4667 with 1 files
[4819/7005] uploaded article 4668 with 1 files
[4820/7005] uploaded article 4669 with 1 files
[4821/7005] uploaded article 467 with 1 files
[4822/7005] uploaded article 4670 with 1 files
[4823/7005] uploaded article 4671 with 1 files
[4825/7005] uploaded article 4673 with 1 files
[4824/7005] uploaded article 4672 with 1 files
[4826/7005] uploaded article 4674 with 1 files
[4827/7005] uploaded article 4675 with 1 files
[4828/7005] uploaded article 4676 with 1 files
[4829/7005] uploaded article 4677 with 1 files
[4830/7005] uploaded article 4678 with 1 files
[4831/7005] uploaded article 4679 with 1 files
[4832/7005] uploaded article 468 with 1 files
[4834/7005] uploaded article 4681 with 1 files
[4833/7005] uploaded article 4680 with 1 files
[4836/7005] uploaded article 4683 with 1 files
[4835/7005] uploaded article 4682 with 1 files
[4837/7005] uploaded article 4684 with 1 files
[4839/7005] uploaded article 4686 with 1 files
[4838/7005] uploaded article 4685 with 1 files
[4840/7005] uploaded article 4687 with 1 files
[4842/7005] uploaded article 4689 with 1 files
[4843/7005] uploaded article 469 with 1 files
[4841/7005] uploaded article 4688 with 1 files
[4844/7005] uploaded article 4690 with 1 files
[4845/7005] uploaded article 4691 with 1 files
[4846/7005] uploaded article 4692 with 1 files
[4847/7005] uploaded article 4693 with 1 files
[4848/7005] uploaded article 4694 with 1 files
[4849/7005] uploaded article 4695 with 1 files
[4850/7005] uploaded article 4696 with 1 files
[4851/7005] uploaded article 4697 with 1 files
[4852/7005] uploaded article 4698 with 1 files
[4853/7005] uploaded article 4699 with 1 files
[4855/7005] uploaded article 4700 with 1 files
[4854/7005] uploaded article 470 with 1 files
[4856/7005] uploaded article 4701 with 1 files
[4857/7005] uploaded article 4702 with 1 files
[4858/7005] uploaded article 4703 with 1 files
[4861/7005] uploaded article 4704 003 with 1 files
[4860/7005] uploaded article 4704 with 1 files
[4859/7005] uploaded article 4703 009 with 1 files
[4862/7005] uploaded article 4705 with 1 files
[4863/7005] uploaded article 4706 with 1 files
[4864/7005] uploaded article 4707 with 1 files
[4865/7005] uploaded article 4708 with 1 files
[4866/7005] uploaded article 4709 with 1 files
[4867/7005] uploaded article 471 with 1 files
[4870/7005] uploaded article 4712 with 1 files
[4868/7005] uploaded article 4710 with 1 files
[4869/7005] uploaded article 4711 with 1 files
[4872/7005] uploaded article 4713 002 with 1 files
[4871/7005] uploaded article 4713 with 1 files
[4873/7005] uploaded article 4713 005 with 1 files
[4874/7005] uploaded article 4714 with 1 files
[4876/7005] uploaded article 4716 with 1 files
[4875/7005] uploaded article 4715 with 1 files
[4877/7005] uploaded article 4717 with 1 files
[4879/7005] uploaded article 4719 with 1 files
[4878/7005] uploaded article 4718 with 1 files
[4880/7005] uploaded article 472 with 1 files
[4882/7005] uploaded article 4721 with 1 files
[4881/7005] uploaded article 4720 with 1 files
[4885/7005] uploaded article 4724 with 1 files
[4883/7005] uploaded article 4722 with 1 files
[4884/7005] uploaded article 4723 with 1 files
[4886/7005] uploaded article 4725 with 1 files
[4887/7005] uploaded article 4726 with 1 files
[4888/7005] uploaded article 4727 with 1 files
[4889/7005] uploaded article 4728 with 1 files
[4890/7005] uploaded article 4729 with 1 files
[4891/7005] uploaded article 473 with 1 files
[4892/7005] uploaded article 4730 with 1 files
[4893/7005] uploaded article 4731 with 1 files
[4894/7005] uploaded article 4732 with 1 files
[4895/7005] uploaded article 4733 with 1 files
[4896/7005] uploaded article 4733 004 with 1 files
[4897/7005] uploaded article 4733 007 with 1 files
[4899/7005] uploaded article 4734 with 1 files
[4898/7005] uploaded article 4733 008 with 1 files
[4900/7005] uploaded article 4736 with 1 files
[4902/7005] uploaded article 4738 with 1 files
[4901/7005] uploaded article 4737 with 1 files
[4903/7005] uploaded article 4739 with 1 files
[4904/7005] uploaded article 474 with 1 files
[4905/7005] uploaded article 4744 with 1 files
[4906/7005] uploaded article 4745 with 1 files
[4907/7005] uploaded article 4746 with 1 files
[4908/7005] uploaded article 4747 with 1 files
[4909/7005] uploaded article 4748 with 1 files
[4911/7005] uploaded article 475 with 1 files
[4910/7005] uploaded article 4749 with 1 files
[4912/7005] uploaded article 4750 with 1 files
[4913/7005] uploaded article 4751 with 1 files
[4914/7005] uploaded article 4752 with 1 files
[4915/7005] uploaded article 4753 with 1 files
[4917/7005] uploaded article 4755 with 1 files
[4916/7005] uploaded article 4754 with 1 files
[4919/7005] uploaded article 476 with 1 files
[4918/7005] uploaded article 4756 with 1 files
[4920/7005] uploaded article 477 with 1 files
[4921/7005] uploaded article 478 with 1 files
[4922/7005] uploaded article 479 with 1 files
[4923/7005] uploaded article 480 with 1 files
[4924/7005] uploaded article 481 with 1 files
[4925/7005] uploaded article 482 with 1 files
[4926/7005] uploaded article 483 with 1 files
[4927/7005] uploaded article 484 with 1 files
[4928/7005] uploaded article 485 with 1 files
[4931/7005] uploaded article 488 with 1 files
[4929/7005] uploaded article 486 with 1 files
[4930/7005] uploaded article 487 with 1 files
[4932/7005] uploaded article 489 with 1 files
[4933/7005] uploaded article 49 with 1 files
[4934/7005] uploaded article 490 with 1 files
[4935/7005] uploaded article 491 with 1 files
[4937/7005] uploaded article 493 with 1 files
[4936/7005] uploaded article 492 with 1 files
[4938/7005] uploaded article 494 with 1 files
[4939/7005] uploaded article 495 with 1 files
[4940/7005] uploaded article 496 with 1 files
[4941/7005] uploaded article 497 with 1 files
[4943/7005] uploaded article 499 with 1 files
[4942/7005] uploaded article 498 with 1 files
[4944/7005] uploaded article 4S901 with 1 files
[4945/7005] uploaded article 4S902 with 1 files
[4946/7005] uploaded article 4S903 with 1 files
[4947/7005] uploaded article 4S904 with 1 files
[4948/7005] uploaded article 4S905 with 1 files
[4949/7005] uploaded article 4S906 with 1 files
[4950/7005] uploaded article 4S907 with 1 files
[4951/7005] uploaded article 4S908 with 1 files
[4952/7005] uploaded article 4S909 with 1 files
[4954/7005] uploaded article 4S912 with 1 files
[4955/7005] uploaded article 4S913 with 1 files
[4953/7005] uploaded article 4S911 with 1 files
[4956/7005] uploaded article 4S914 with 1 files
[4957/7005] uploaded article 50 with 1 files
[4958/7005] uploaded article 500 with 1 files
[4959/7005] uploaded article 501 with 1 files
[4960/7005] uploaded article 50108-10 with 1 files
[4961/7005] uploaded article 50108-6 with 1 files
[4963/7005] uploaded article 50108-8 with 1 files
[4962/7005] uploaded article 50108-7 with 1 files
[4964/7005] uploaded article 50108-9 with 1 files
[4965/7005] uploaded article 5012094 with 1 files
[4966/7005] uploaded article 5012099 with 1 files
[4967/7005] uploaded article 5012101 with 1 files
[4968/7005] uploaded article 5016035 with 1 files
[4969/7005] uploaded article 5016036 with 1 files
[4970/7005] uploaded article 5016038 with 1 files
[4971/7005] uploaded article 50188-10 with 1 files
[4973/7005] uploaded article 50188-3 with 1 files
[4972/7005] uploaded article 50188-2 with 1 files
[4976/7005] uploaded article 50188-8 with 1 files
[4975/7005] uploaded article 50188-6 with 1 files
[4974/7005] uploaded article 50188-4 with 1 files
[4977/7005] uploaded article 50188-9 with 1 files
[4978/7005] uploaded article 502 with 1 files
[4979/7005] uploaded article 503 with 1 files
[4980/7005] uploaded article 5030-210 with 1 files
[4981/7005] uploaded article 5030-240 with 1 files
[4982/7005] uploaded article 50355-1 with 1 files
[4983/7005] uploaded article 50355-2 with 1 files
[4984/7005] uploaded article 50355-3 with 1 files
[4985/7005] uploaded article 50355-4 with 1 files
[4986/7005] uploaded article 50355-5 with 1 files
[4987/7005] uploaded article 5039-130 with 1 files
[4988/7005] uploaded article 504 with 1 files
[4989/7005] uploaded article 50457-10 with 1 files
[4990/7005] uploaded article 50458-10 with 1 files
[4991/7005] uploaded article 505 with 1 files
[4992/7005] uploaded article 5050010 with 1 files
[4993/7005] uploaded article 5050011 with 1 files
[4994/7005] uploaded article 5050012 with 1 files
[4995/7005] uploaded article 5050014 with 1 files
[4996/7005] uploaded article 5050016 with 1 files
[4997/7005] uploaded article 5050018 with 1 files
[4999/7005] uploaded article 5050036 with 1 files
[4998/7005] uploaded article 5050035 with 1 files
[5000/7005] uploaded article 5050037 with 1 files
[5002/7005] uploaded article 5050039 with 1 files
[5001/7005] uploaded article 5050038 with 1 files
[5005/7005] uploaded article 5050042 with 1 files
[5003/7005] uploaded article 5050040 with 1 files
[5004/7005] uploaded article 5050041 with 1 files
[5006/7005] uploaded article 5050043 with 1 files
[5007/7005] uploaded article 5050044 with 1 files
[5008/7005] uploaded article 5050045 with 1 files
[5011/7005] uploaded article 5050048 with 1 files
[5010/7005] uploaded article 5050047 with 1 files
[5009/7005] uploaded article 5050046 with 1 files
[5012/7005] uploaded article 5050049 with 1 files
[5013/7005] uploaded article 5050050 with 1 files
[5014/7005] uploaded article 5050051 with 1 files
[5016/7005] uploaded article 5050053 with 1 files
[5015/7005] uploaded article 5050052 with 1 files
[5017/7005] uploaded article 5050054 with 1 files
[5018/7005] uploaded article 5050055 with 1 files
[5019/7005] uploaded article 5050056 with 1 files
[5020/7005] uploaded article 5050057 with 1 files
[5021/7005] uploaded article 5050058 with 1 files
[5022/7005] uploaded article 5050059 with 1 files
[5023/7005] uploaded article 5050080 with 1 files
[5025/7005] uploaded article 5050085 with 1 files
[5024/7005] uploaded article 5050082 with 1 files
[5026/7005] uploaded article 5050087 with 1 files
[5027/7005] uploaded article 505026 with 1 files
[5029/7005] uploaded article 5050277 with 1 files
[5028/7005] uploaded article 5050272 with 1 files
[5030/7005] uploaded article 5050287 with 1 files
[5031/7005] uploaded article 5050345 with 1 files
[5032/7005] uploaded article 5050349 with 1 files
[5035/7005] uploaded article 5055269 with 1 files
[5033/7005] uploaded article 5055176 with 1 files
[5034/7005] uploaded article 5055266 with 1 files
[5036/7005] uploaded article 5055272 with 1 files
[5038/7005] uploaded article 5055276 with 1 files
[5037/7005] uploaded article 5055275 with 1 files
[5039/7005] uploaded article 5055277 with 1 files
[5041/7005] uploaded article 5055542 with 1 files
[5040/7005] uploaded article 5055541 with 1 files
[5043/7005] uploaded article 5055551 with 1 files
[5042/7005] uploaded article 5055549 with 1 files
[5044/7005] uploaded article 5055557 with 1 files
[5045/7005] uploaded article 5055630 with 1 files
[5046/7005] uploaded article 5055636 with 1 files
[5047/7005] uploaded article 5055643 with 1 files
[5049/7005] uploaded article 5055647 with 1 files
[5048/7005] uploaded article 5055646 with 1 files
[5050/7005] uploaded article 5055648 with 1 files
[5053/7005] uploaded article 5055659 with 1 files
[5051/7005] uploaded article 5055651 with 1 files
[5052/7005] uploaded article 5055656 with 1 files
[5055/7005] uploaded article 5055671 with 1 files
[5054/7005] uploaded article 5055661 with 1 files
[5056/7005] uploaded article 5055673 with 1 files
[5058/7005] uploaded article 5055678 with 1 files
[5059/7005] uploaded article 5055798 with 1 files
[5057/7005] uploaded article 5055677 with 1 files
[5060/7005] uploaded article 5055799 with 1 files
[5061/7005] uploaded article 5055834 with 1 files
[5062/7005] uploaded article 5055850 with 1 files
[5063/7005] uploaded article 5055853 with 1 files
[5064/7005] uploaded article 5055856 with 1 files
[5065/7005] uploaded article 5055859 with 1 files
[5066/7005] uploaded article 5055861 with 1 files
[5067/7005] uploaded article 5055862 with 1 files
[5068/7005] uploaded article 5055864 with 1 files
[5069/7005] uploaded article 5055990 with 1 files
[5071/7005] uploaded article 5056050 with 1 files
[5070/7005] uploaded article 5056046 with 1 files
[5072/7005] uploaded article 5056051 with 1 files
[5073/7005] uploaded article 5056054 with 1 files
[5074/7005] uploaded article 5056055 with 1 files
[5076/7005] uploaded article 5056198 with 1 files
[5075/7005] uploaded article 5056128 with 1 files
[5077/7005] uploaded article 5056206 with 1 files
[5078/7005] uploaded article 5056209 with 1 files
[5079/7005] uploaded article 5056210 with 1 files
[5080/7005] uploaded article 5056213 with 1 files
[5081/7005] uploaded article 5056215 with 1 files
[5082/7005] uploaded article 5056220 with 1 files
[5083/7005] uploaded article 5056224 with 1 files
[5085/7005] uploaded article 5056463 with 1 files
[5084/7005] uploaded article 5056461 with 1 files
[5086/7005] uploaded article 5056468 with 1 files
[5088/7005] uploaded article 5056631 with 1 files
[5087/7005] uploaded article 5056630 with 1 files
[5089/7005] uploaded article 5056655 with 1 files
[5090/7005] uploaded article 5056841 with 1 files
[5091/7005] uploaded article 506 with 1 files
[5092/7005] uploaded article 506-700 with 1 files
[5094/7005] uploaded article 50656-10 with 1 files
[5093/7005] uploaded article 5062008 with 1 files
[5095/7005] uploaded article 50656-8 with 1 files
[5096/7005] uploaded article 50656-9 with 1 files
[5097/7005] uploaded article 507 with 1 files
[5098/7005] uploaded article 5075-208 with 1 files
[5100/7005] uploaded article 5075008 with 1 files
[5099/7005] uploaded article 5075006 with 1 files
[5101/7005] uploaded article 5075012 with 1 files
[5102/7005] uploaded article 5075016 with 1 files
[5103/7005] uploaded article 5075020 with 1 files
[5104/7005] uploaded article 5075022 with 1 files
[5106/7005] uploaded article 5075106 with 1 files
[5105/7005] uploaded article 5075104 with 1 files
[5107/7005] uploaded article 5075108 with 1 files
[5109/7005] uploaded article 5075114 with 1 files
[5108/7005] uploaded article 5075112 with 1 files
[5111/7005] uploaded article 5075120 with 1 files
[5112/7005] uploaded article 5075122 with 1 files
[5113/7005] uploaded article 5076002 with 1 files
[5114/7005] uploaded article 5076004 with 1 files
[5110/7005] uploaded article 5075116 with 1 files
[5115/7005] uploaded article 5076006 with 1 files
[5116/7005] uploaded article 5076008 with 1 files
[5117/7005] uploaded article 5076012 with 1 files
[5118/7005] uploaded article 5076014 with 1 files
[5119/7005] uploaded article 508 with 1 files
[5120/7005] uploaded article 509 with 1 files
[5121/7005] uploaded article 50921-10 with 1 files
[5122/7005] uploaded article 50921-12 with 1 files
[5123/7005] uploaded article 50922-10 with 1 files
[5124/7005] uploaded article 50922-12 with 1 files
[5125/7005] uploaded article 50922-4 with 1 files
[5126/7005] uploaded article 50922-6 with 1 files
[5128/7005] uploaded article 51 with 1 files
[5127/7005] uploaded article 50922-8 with 1 files
[5129/7005] uploaded article 510 with 1 files
[5131/7005] uploaded article 5107-10 with 1 files
[5130/7005] uploaded article 5107-1 with 1 files
[5132/7005] uploaded article 5107-2 with 1 files
[5134/7005] uploaded article 5107-4 with 1 files
[5133/7005] uploaded article 5107-3 with 1 files
[5135/7005] uploaded article 5107-6 with 1 files
[5137/7005] uploaded article 5108-2 with 1 files
[5136/7005] uploaded article 5107-8 with 1 files
[5138/7005] uploaded article 5108-6 with 1 files
[5140/7005] uploaded article 5109-2 with 1 files
[5139/7005] uploaded article 5109-1 with 1 files
[5141/7005] uploaded article 510R with 1 files
[5143/7005] uploaded article 512 with 1 files
[5142/7005] uploaded article 511 with 1 files
[5144/7005] uploaded article 513 with 1 files
[5146/7005] uploaded article 51455-4 with 1 files
[5145/7005] uploaded article 514 with 1 files
[5147/7005] uploaded article 51455-6 with 1 files
[5148/7005] uploaded article 51455-8 with 1 files
[5149/7005] uploaded article 515 with 1 files
[5150/7005] uploaded article 51501-114 with 1 files
[5151/7005] uploaded article 51501-11HRT with 1 files
[5152/7005] uploaded article 51501-12HRT with 1 files
[5153/7005] uploaded article 51501-47H with 1 files
[5154/7005] uploaded article 516 with 1 files
[5155/7005] uploaded article 517 with 1 files
[5156/7005] uploaded article 51750M with 1 files
[5158/7005] uploaded article 518 with 1 files
[5157/7005] uploaded article 51789-6 with 1 files
[5159/7005] uploaded article 519 with 1 files
[5160/7005] uploaded article 52 with 1 files
[5161/7005] uploaded article 520 with 1 files
[5162/7005] uploaded article 52060049 with 1 files
[5163/7005] uploaded article 521 with 1 files
[5164/7005] uploaded article 522 with 1 files
[5165/7005] uploaded article 523 with 1 files
[5167/7005] uploaded article 526 with 1 files
[5166/7005] uploaded article 5232251 with 1 files
[5168/7005] uploaded article 527 with 1 files
[5169/7005] uploaded article 528 with 1 files
[5170/7005] uploaded article 528-0520 with 1 files
[5171/7005] uploaded article 529 with 1 files
[5172/7005] uploaded article 53 with 1 files
[5173/7005] uploaded article 530 with 1 files
[5174/7005] uploaded article 531 with 1 files
[5175/7005] uploaded article 53117-10 with 1 files
[5176/7005] uploaded article 53118 with 1 files
[5177/7005] uploaded article 53125 with 1 files
[5179/7005] uploaded article 532 with 1 files
[5178/7005] uploaded article 53135-10 with 1 files
[5180/7005] uploaded article 53263 with 1 files
[5181/7005] uploaded article 53273 with 1 files
[5182/7005] uploaded article 53274 with 1 files
[5183/7005] uploaded article 53275 with 1 files
[5184/7005] uploaded article 533 with 1 files
[5185/7005] uploaded article 534 with 1 files
[5186/7005] uploaded article 535 with 1 files
[5188/7005] uploaded article 537 with 1 files
[5187/7005] uploaded article 536 with 1 files
[5189/7005] uploaded article 537-600 with 1 files
[5190/7005] uploaded article 53704 ¹6 with 1 files
[5191/7005] uploaded article 53704-06 with 1 files
[5192/7005] uploaded article 53704-4 with 1 files
[5194/7005] uploaded article 53704-9 with 1 files
[5193/7005] uploaded article 53704-8 with 1 files
[5195/7005] uploaded article 53853 with 1 files
[5197/7005] uploaded article 54073010 with 1 files
[5198/7005] uploaded article 5407304 with 1 files
[5199/7005] uploaded article 5407311 with 1 files
[5196/7005] uploaded article 54 with 1 files
[5200/7005] uploaded article 5407312 with 1 files
[5202/7005] uploaded article 543 with 1 files
[5203/7005] uploaded article 5437300 with 1 files
[5201/7005] uploaded article 542 with 1 files
[5204/7005] uploaded article 5437301 with 1 files
[5205/7005] uploaded article 5437302 with 1 files
[5206/7005] uploaded article 5437303 with 1 files
[5207/7005] uploaded article 5437304 with 1 files
[5208/7005] uploaded article 5437305 with 1 files
[5209/7005] uploaded article 5437306 with 1 files
[5210/7005] uploaded article 5437307 with 1 files
[5211/7005] uploaded article 5437308 with 1 files
[5212/7005] uploaded article 5437375 with 1 files
[5213/7005] uploaded article 5437376 with 1 files
[5214/7005] uploaded article 5437377 with 1 files
[5215/7005] uploaded article 5437378 with 1 files
[5216/7005] uploaded article 5437379 with 1 files
[5217/7005] uploaded article 5437380 with 1 files
[5218/7005] uploaded article 5437381 with 1 files
[5219/7005] uploaded article 5437382 with 1 files
[5220/7005] uploaded article 5437383 with 1 files
[5221/7005] uploaded article 5438003 with 1 files
[5222/7005] uploaded article 5438006 with 1 files
[5223/7005] uploaded article 5438016 with 1 files
[5224/7005] uploaded article 5438018 with 1 files
[5225/7005] uploaded article 5438019 with 1 files
[5226/7005] uploaded article 5438020 with 1 files
[5227/7005] uploaded article 5438060 with 1 files
[5228/7005] uploaded article 5438150 with 1 files
[5229/7005] uploaded article 5438151 with 1 files
[5230/7005] uploaded article 5438200 with 1 files
[5231/7005] uploaded article 5438310 with 1 files
[5232/7005] uploaded article 5438311 with 1 files
[5233/7005] uploaded article 5438850 with 1 files
[5234/7005] uploaded article 5438851 with 1 files
[5235/7005] uploaded article 5438852 with 1 files
[5236/7005] uploaded article 5438853 with 1 files
[5237/7005] uploaded article 5438854 with 1 files
[5238/7005] uploaded article 5438855 with 1 files
[5239/7005] uploaded article 5438856 with 1 files
[5240/7005] uploaded article 5439145 with 1 files
[5241/7005] uploaded article 5439221 with 1 files
[5242/7005] uploaded article 5439303 with 1 files
[5243/7005] uploaded article 5439331 with 1 files
[5244/7005] uploaded article 5439332 with 1 files
[5245/7005] uploaded article 5439336 with 1 files
[5246/7005] uploaded article 5439390 with 1 files
[5247/7005] uploaded article 5439393 with 1 files
[5248/7005] uploaded article 5439394 with 1 files
[5249/7005] uploaded article 5439395 with 1 files
[5250/7005] uploaded article 5439396 with 1 files
[5251/7005] uploaded article 5439397 with 1 files
[5252/7005] uploaded article 5439431 with 1 files
[5254/7005] uploaded article 5439716 with 1 files
[5253/7005] uploaded article 5439432 with 1 files
[5255/7005] uploaded article 5439717 with 1 files
[5257/7005] uploaded article 5439731 with 1 files
[5256/7005] uploaded article 5439719 with 1 files
[5258/7005] uploaded article 5439732 with 1 files
[5260/7005] uploaded article 544 with 1 files
[5259/7005] uploaded article 5439735 with 1 files
[5261/7005] uploaded article 545 with 1 files
[5262/7005] uploaded article 545-600 with 1 files
[5263/7005] uploaded article 546 with 1 files
[5264/7005] uploaded article 547 with 1 files
[5265/7005] uploaded article 548 with 1 files
[5266/7005] uploaded article 549 with 1 files
[5267/7005] uploaded article 55 with 1 files
[5269/7005] uploaded article 5506034 with 1 files
[5268/7005] uploaded article 550 with 1 files
[5270/7005] uploaded article 5506035 with 1 files
[5271/7005] uploaded article 5506036 with 1 files
[5272/7005] uploaded article 5506037 with 1 files
[5273/7005] uploaded article 5506038 with 1 files
[5274/7005] uploaded article 5506200 with 1 files
[5275/7005] uploaded article 5506201 with 1 files
[5276/7005] uploaded article 5506202 with 1 files
[5277/7005] uploaded article 551 with 1 files
[5278/7005] uploaded article 5510964 with 1 files
[5279/7005] uploaded article 5510965 with 1 files
[5281/7005] uploaded article 5510967 with 1 files
[5280/7005] uploaded article 5510966 with 1 files
[5282/7005] uploaded article 5510968 with 1 files
[5284/7005] uploaded article 553 with 1 files
[5283/7005] uploaded article 552 with 1 files
[5285/7005] uploaded article 554 with 1 files
[5286/7005] uploaded article 5542102 with 1 files
[5287/7005] uploaded article 5542103 with 1 files
[5288/7005] uploaded article 5545.03.43 with 1 files
[5290/7005] uploaded article 5545.03.98 with 1 files
[5289/7005] uploaded article 5545.03.96 with 1 files
[5291/7005] uploaded article 5545.04.18 with 1 files
[5293/7005] uploaded article 5547006 with 1 files
[5292/7005] uploaded article 5545.04.20 with 1 files
[5294/7005] uploaded article 5547007 with 1 files
[5296/7005] uploaded article 5547051 with 1 files
[5295/7005] uploaded article 5547009 with 1 files
[5297/7005] uploaded article 5547052 with 1 files
[5299/7005] uploaded article 5547141 with 1 files
[5298/7005] uploaded article 5547140 with 1 files
[5300/7005] uploaded article 5547143 with 1 files
[5301/7005] uploaded article 5547144 with 1 files
[5302/7005] uploaded article 5547201 with 1 files
[5303/7005] uploaded article 5547202 with 1 files
[5305/7005] uploaded article 5547204 with 1 files
[5304/7005] uploaded article 5547203 with 1 files
[5306/7005] uploaded article 5547230 with 1 files
[5308/7005] uploaded article 5547232 with 1 files
[5307/7005] uploaded article 5547231 with 1 files
[5309/7005] uploaded article 5547233 with 1 files
[5311/7005] uploaded article 5547235 with 1 files
[5310/7005] uploaded article 5547234 with 1 files
[5312/7005] uploaded article 5547305 with 1 files
[5314/7005] uploaded article 5547307 with 1 files
[5315/7005] uploaded article 5547315 with 1 files
[5313/7005] uploaded article 5547306 with 1 files
[5317/7005] uploaded article 5547317 with 1 files
[5316/7005] uploaded article 5547316 with 1 files
[5318/7005] uploaded article 5547318 with 1 files
[5320/7005] uploaded article 5547320 with 1 files
[5319/7005] uploaded article 5547319 with 1 files
[5321/7005] uploaded article 5547405 with 1 files
[5323/7005] uploaded article 5547409 with 1 files
[5324/7005] uploaded article 554742 with 1 files
[5322/7005] uploaded article 5547406 with 1 files
[5326/7005] uploaded article 5547421 with 1 files
[5325/7005] uploaded article 5547420 with 1 files
[5327/7005] uploaded article 5547425 with 1 files
[5328/7005] uploaded article 5547426 with 1 files
[5329/7005] uploaded article 5547427 with 1 files
[5330/7005] uploaded article 5547428 with 1 files
[5332/7005] uploaded article 5547435 with 1 files
[5333/7005] uploaded article 5547436 with 1 files
[5331/7005] uploaded article 5547429 with 1 files
[5334/7005] uploaded article 5547437 with 1 files
[5336/7005] uploaded article 5547441 with 1 files
[5335/7005] uploaded article 5547440 with 1 files
[5337/7005] uploaded article 5547442 with 1 files
[5338/7005] uploaded article 5547443 with 1 files
[5339/7005] uploaded article 5547444 with 1 files
[5341/7005] uploaded article 5548303 with 1 files
[5340/7005] uploaded article 5547445 with 1 files
[5342/7005] uploaded article 5548304 with 1 files
[5343/7005] uploaded article 5548305 with 1 files
[5345/7005] uploaded article 5548313 with 1 files
[5344/7005] uploaded article 5548306 with 1 files
[5346/7005] uploaded article 5548314 with 1 files
[5347/7005] uploaded article 5548315 with 1 files
[5348/7005] uploaded article 5548316 with 1 files
[5350/7005] uploaded article 556 with 1 files
[5351/7005] uploaded article 557 with 1 files
[5349/7005] uploaded article 555 with 1 files
[5354/7005] uploaded article 55SP with 1 files
[5352/7005] uploaded article 558 with 1 files
[5353/7005] uploaded article 559 with 1 files
[5356/7005] uploaded article 56-8 with 1 files
[5357/7005] uploaded article 560 with 1 files
[5355/7005] uploaded article 56 with 1 files
[5358/7005] uploaded article 56026-010-bc with 1 files
[5360/7005] uploaded article 56026-014-bc with 1 files
[5359/7005] uploaded article 56026-012-bc with 1 files
[5361/7005] uploaded article 56026-016-bc with 1 files
[5363/7005] uploaded article 56026-020-bc with 1 files
[5362/7005] uploaded article 56026-018-bc with 1 files
[5364/7005] uploaded article 561 with 1 files
[5365/7005] uploaded article 562 with 1 files
[5366/7005] uploaded article 563 with 1 files
[5369/7005] uploaded article 564 with 1 files
[5367/7005] uploaded article 5636-033 with 1 files
[5368/7005] uploaded article 5636-053 with 1 files
[5370/7005] uploaded article 565 with 1 files
[5371/7005] uploaded article 56501-3 with 1 files
[5372/7005] uploaded article 56501-4 with 1 files
[5373/7005] uploaded article 56501-6 with 1 files
[5374/7005] uploaded article 56508-4 with 1 files
[5375/7005] uploaded article 56508-6 with 1 files
[5376/7005] uploaded article 56537 with 1 files
[5377/7005] uploaded article 56592-1 with 1 files
[5378/7005] uploaded article 56592-2 with 1 files
[5379/7005] uploaded article 56592-3 with 1 files
[5380/7005] uploaded article 566 with 1 files
[5381/7005] uploaded article 567 with 1 files
[5382/7005] uploaded article 568 with 1 files
[5383/7005] uploaded article 569 with 1 files
[5384/7005] uploaded article 57 with 1 files
[5385/7005] uploaded article 571 with 1 files
[5386/7005] uploaded article 572 with 1 files
[5387/7005] uploaded article 573 with 1 files
[5388/7005] uploaded article 574 with 1 files
[5389/7005] uploaded article 575 with 1 files
[5390/7005] uploaded article 576 with 1 files
[5391/7005] uploaded article 578 with 1 files
[5392/7005] uploaded article 579 with 1 files
[5393/7005] uploaded article 580 with 1 files
[5394/7005] uploaded article 581 with 1 files
[5395/7005] uploaded article 582 with 1 files
[5396/7005] uploaded article 583 with 1 files
[5397/7005] uploaded article 584 with 1 files
[5398/7005] uploaded article 585 with 1 files
[5399/7005] uploaded article 586 with 1 files
[5400/7005] uploaded article 593 with 1 files
[5401/7005] uploaded article 595 with 1 files
[5402/7005] uploaded article 59564 with 1 files
[5403/7005] uploaded article 596 with 1 files
[5404/7005] uploaded article 597 with 1 files
[5405/7005] uploaded article 598 with 1 files
[5406/7005] uploaded article 6-090 with 1 files
[5407/7005] uploaded article 6-21 with 1 files
[5408/7005] uploaded article 6-32 with 1 files
[5409/7005] uploaded article 60-20-100IC with 1 files
[5410/7005] uploaded article 60-20-200IC with 1 files
[5411/7005] uploaded article 60-30-100IC BF3S with 1 files
[5412/7005] uploaded article 60-30-200IC BF3G with 1 files
[5413/7005] uploaded article 6008180 with 1 files
[5414/7005] uploaded article 600R with 1 files
[5415/7005] uploaded article 603 with 1 files
[5416/7005] uploaded article 604 with 1 files
[5417/7005] uploaded article 605 with 1 files
[5418/7005] uploaded article 60510-3 with 1 files
[5419/7005] uploaded article 60522-6 with 1 files
[5421/7005] uploaded article 607 with 1 files
[5420/7005] uploaded article 606 with 1 files
[5422/7005] uploaded article 608 with 1 files
[5423/7005] uploaded article 60840A with 1 files
[5424/7005] uploaded article 609 with 1 files
[5425/7005] uploaded article 610 with 1 files
[5426/7005] uploaded article 611 with 1 files
[5427/7005] uploaded article 6110005 with 1 files
[5428/7005] uploaded article 612 with 1 files
[5429/7005] uploaded article 613 with 1 files
[5430/7005] uploaded article 6139005 with 1 files
[5431/7005] uploaded article 6139006 with 1 files
[5432/7005] uploaded article 614 with 1 files
[5433/7005] uploaded article 615 with 1 files
[5434/7005] uploaded article 61501-201 with 1 files
[5435/7005] uploaded article 61501-24 with 1 files
[5436/7005] uploaded article 61501-26RT with 1 files
[5437/7005] uploaded article 61501-29 with 1 files
[5438/7005] uploaded article 616 with 1 files
[5440/7005] uploaded article 618 with 1 files
[5439/7005] uploaded article 617 with 1 files
[5441/7005] uploaded article 619 with 1 files
[5442/7005] uploaded article 620 with 1 files
[5444/7005] uploaded article 622 with 1 files
[5443/7005] uploaded article 621 with 1 files
[5445/7005] uploaded article 623 with 1 files
[5446/7005] uploaded article 624 with 1 files
[5447/7005] uploaded article 625 with 1 files
[5448/7005] uploaded article 626 with 1 files
[5449/7005] uploaded article 627 with 1 files
[5450/7005] uploaded article 628 with 1 files
[5451/7005] uploaded article 629 with 1 files
[5452/7005] uploaded article 630 with 1 files
[5453/7005] uploaded article 631 with 1 files
[5454/7005] uploaded article 632 with 1 files
[5455/7005] uploaded article 633 with 1 files
[5456/7005] uploaded article 634 with 1 files
[5457/7005] uploaded article 635 with 1 files
[5458/7005] uploaded article 636 with 1 files
[5459/7005] uploaded article 637 with 1 files
[5460/7005] uploaded article 638 with 1 files
[5461/7005] uploaded article 639 with 1 files
[5462/7005] uploaded article 64 with 1 files
[5463/7005] uploaded article 640 with 1 files
[5464/7005] uploaded article 641 with 1 files
[5465/7005] uploaded article 642 with 1 files
[5466/7005] uploaded article 643 with 1 files
[5468/7005] uploaded article 645 with 1 files
[5467/7005] uploaded article 644 with 1 files
[5469/7005] uploaded article 646 with 1 files
[5471/7005] uploaded article 648 with 1 files
[5470/7005] uploaded article 647 with 1 files
[5472/7005] uploaded article 649 with 1 files
[5473/7005] uploaded article 65 with 1 files
[5474/7005] uploaded article 650 with 1 files
[5475/7005] uploaded article 651 with 1 files
[5476/7005] uploaded article 652 with 1 files
[5477/7005] uploaded article 653 with 1 files
[5478/7005] uploaded article 654 with 1 files
[5479/7005] uploaded article 655 with 1 files
[5480/7005] uploaded article 656 with 1 files
[5481/7005] uploaded article 657 with 1 files
[5482/7005] uploaded article 658 with 1 files
[5483/7005] uploaded article 659 with 1 files
[5484/7005] uploaded article 66 with 1 files
[5486/7005] uploaded article 661 with 1 files
[5485/7005] uploaded article 660 with 1 files
[5487/7005] uploaded article 6610264 with 1 files
[5488/7005] uploaded article 662 with 1 files
[5489/7005] uploaded article 663 with 1 files
[5490/7005] uploaded article 664 with 1 files
[5491/7005] uploaded article 665 with 1 files
[5492/7005] uploaded article 666 with 1 files
[5493/7005] uploaded article 667 with 1 files
[5494/7005] uploaded article 668 with 1 files
[5495/7005] uploaded article 669 with 1 files
[5496/7005] uploaded article 67 with 1 files
[5497/7005] uploaded article 670 with 1 files
[5498/7005] uploaded article 6706000 with 1 files
[5499/7005] uploaded article 671 with 1 files
[5500/7005] uploaded article 672 with 1 files
[5501/7005] uploaded article 673 with 1 files
[5502/7005] uploaded article 674 with 1 files
[5504/7005] uploaded article 676 with 1 files
[5505/7005] uploaded article 677 with 1 files
[5503/7005] uploaded article 675 with 1 files
[5506/7005] uploaded article 678 with 1 files
[5507/7005] uploaded article 679 with 1 files
[5508/7005] uploaded article 68 with 1 files
[5509/7005] uploaded article 680 with 1 files
[5510/7005] uploaded article 681 with 1 files
[5511/7005] uploaded article 682 with 1 files
[5512/7005] uploaded article 683 with 1 files
[5513/7005] uploaded article 684 with 1 files
[5514/7005] uploaded article 685 with 1 files
[5516/7005] uploaded article 687 with 1 files
[5515/7005] uploaded article 686 with 1 files
[5517/7005] uploaded article 688 with 1 files
[5519/7005] uploaded article 690 with 1 files
[5518/7005] uploaded article 689 with 1 files
[5520/7005] uploaded article 691 with 1 files
[5521/7005] uploaded article 692 with 1 files
[5522/7005] uploaded article 693 with 1 files
[5523/7005] uploaded article 694 with 1 files
[5524/7005] uploaded article 695 with 1 files
[5526/7005] uploaded article 697 with 1 files
[5525/7005] uploaded article 696 with 1 files
[5527/7005] uploaded article 698 with 1 files
[5528/7005] uploaded article 699 with 1 files
[5529/7005] uploaded article 7 with 1 files
[5531/7005] uploaded article 7-001A with 1 files
[5530/7005] uploaded article 7-001 with 1 files
[5532/7005] uploaded article 7-017 with 1 files
[5535/7005] uploaded article 7-CR with 1 files
[5533/7005] uploaded article 7-017A with 1 files
[5534/7005] uploaded article 7-018 with 1 files
[5536/7005] uploaded article 7-CY with 1 files
[5537/7005] uploaded article 70 with 1 files
[5538/7005] uploaded article 700 with 1 files
[5539/7005] uploaded article 701 with 1 files
[5540/7005] uploaded article 702 with 1 files
[5541/7005] uploaded article 703 with 1 files
[5542/7005] uploaded article 7035 with 1 files
[5543/7005] uploaded article 704 with 1 files
[5544/7005] uploaded article 705 with 1 files
[5545/7005] uploaded article 706 with 1 files
[5546/7005] uploaded article 707 with 1 files
[5547/7005] uploaded article 708 with 1 files
[5548/7005] uploaded article 709 with 1 files
[5549/7005] uploaded article 71 with 1 files
[5550/7005] uploaded article 71-5 with 1 files
[5551/7005] uploaded article 710 with 1 files
[5552/7005] uploaded article 711 with 1 files
[5553/7005] uploaded article 712 with 1 files
[5554/7005] uploaded article 713 with 1 files
[5555/7005] uploaded article 714 with 1 files
[5557/7005] uploaded article 71560P with 1 files
[5556/7005] uploaded article 715 with 1 files
[5558/7005] uploaded article 716 with 1 files
[5559/7005] uploaded article 717 with 1 files
[5560/7005] uploaded article 718 with 1 files
[5561/7005] uploaded article 719 with 1 files
[5563/7005] uploaded article 720 with 1 files
[5562/7005] uploaded article 72 with 1 files
[5564/7005] uploaded article 721 with 1 files
[5566/7005] uploaded article 723 with 1 files
[5565/7005] uploaded article 722 with 1 files
[5568/7005] uploaded article 725 with 1 files
[5570/7005] uploaded article 727 with 1 files
[5569/7005] uploaded article 726 with 1 files
[5567/7005] uploaded article 724 with 1 files
[5571/7005] uploaded article 728 with 1 files
[5572/7005] uploaded article 729 with 1 files
[5573/7005] uploaded article 73 with 1 files
[5574/7005] uploaded article 730 with 1 files
[5576/7005] uploaded article 732 with 1 files
[5575/7005] uploaded article 731 with 1 files
[5577/7005] uploaded article 733 with 1 files
[5579/7005] uploaded article 735 with 1 files
[5578/7005] uploaded article 734 with 1 files
[5580/7005] uploaded article 736 with 1 files
[5581/7005] uploaded article 737 with 1 files
[5583/7005] uploaded article 739 with 1 files
[5584/7005] uploaded article 74 with 1 files
[5585/7005] uploaded article 740 with 1 files
[5582/7005] uploaded article 738 with 1 files
[5586/7005] uploaded article 741 with 1 files
[5588/7005] uploaded article 743 with 1 files
[5587/7005] uploaded article 742 with 1 files
[5589/7005] uploaded article 744 with 1 files
[5590/7005] uploaded article 745 with 1 files
[5591/7005] uploaded article 746 with 1 files
[5592/7005] uploaded article 747 with 1 files
[5593/7005] uploaded article 748 with 1 files
[5594/7005] uploaded article 749 with 1 files
[5595/7005] uploaded article 75 with 1 files
[5597/7005] uploaded article 7505R with 1 files
[5596/7005] uploaded article 750 with 1 files
[5598/7005] uploaded article 751 with 1 files
[5600/7005] uploaded article 753 with 1 files
[5599/7005] uploaded article 752 with 1 files
[5601/7005] uploaded article 754 with 1 files
[5602/7005] uploaded article 755 with 1 files
[5603/7005] uploaded article 756 with 1 files
[5604/7005] uploaded article 757 with 1 files
[5605/7005] uploaded article 758 with 1 files
[5606/7005] uploaded article 759 with 1 files
[5607/7005] uploaded article 76 with 1 files
[5608/7005] uploaded article 760 with 1 files
[5609/7005] uploaded article 761 with 1 files
[5610/7005] uploaded article 762 with 1 files
[5611/7005] uploaded article 763 with 1 files
[5612/7005] uploaded article 764 with 1 files
[5613/7005] uploaded article 765 with 1 files
[5614/7005] uploaded article 766 with 1 files
[5615/7005] uploaded article 767 with 1 files
[5616/7005] uploaded article 768 with 1 files
[5617/7005] uploaded article 769 with 1 files
[5618/7005] uploaded article 77 with 1 files
[5619/7005] uploaded article 770 with 1 files
[5621/7005] uploaded article 772 with 1 files
[5620/7005] uploaded article 771 with 1 files
[5622/7005] uploaded article 773 with 1 files
[5624/7005] uploaded article 775 with 1 files
[5623/7005] uploaded article 774 with 1 files
[5627/7005] uploaded article 778 with 1 files
[5625/7005] uploaded article 776 with 1 files
[5626/7005] uploaded article 777 with 1 files
[5630/7005] uploaded article 780 with 1 files
[5629/7005] uploaded article 78 with 1 files
[5628/7005] uploaded article 779 with 1 files
[5631/7005] uploaded article 781 with 1 files
[5632/7005] uploaded article 782 with 1 files
[5633/7005] uploaded article 783 with 1 files
[5635/7005] uploaded article 785 with 1 files
[5634/7005] uploaded article 784 with 1 files
[5636/7005] uploaded article 786 with 1 files
[5637/7005] uploaded article 787 with 1 files
[5638/7005] uploaded article 788 with 1 files
[5639/7005] uploaded article 789 with 1 files
[5641/7005] uploaded article 790 with 1 files
[5640/7005] uploaded article 79 with 1 files
[5642/7005] uploaded article 791 with 1 files
[5643/7005] uploaded article 792 with 1 files
[5644/7005] uploaded article 793 with 1 files
[5645/7005] uploaded article 794 with 1 files
[5647/7005] uploaded article 79580 with 1 files
[5646/7005] uploaded article 795 with 1 files
[5648/7005] uploaded article 79581 with 1 files
[5649/7005] uploaded article 79595 with 1 files
[5650/7005] uploaded article 79597 with 1 files
[5651/7005] uploaded article 796 with 1 files
[5652/7005] uploaded article 797 with 1 files
[5653/7005] uploaded article 798 with 1 files
[5654/7005] uploaded article 799 with 1 files
[5655/7005] uploaded article 8-001 with 1 files
[5656/7005] uploaded article 8-002 with 1 files
[5657/7005] uploaded article 8-017 with 1 files
[5659/7005] uploaded article 800 with 1 files
[5660/7005] uploaded article 8007 with 1 files
[5658/7005] uploaded article 80 with 1 files
[5662/7005] uploaded article 802 with 1 files
[5661/7005] uploaded article 801 with 1 files
[5663/7005] uploaded article 8026 with 1 files
[5664/7005] uploaded article 8027 with 1 files
[5665/7005] uploaded article 803 with 1 files
[5666/7005] uploaded article 804 with 1 files
[5668/7005] uploaded article 805 with 1 files
[5667/7005] uploaded article 80423 with 1 files
[5669/7005] uploaded article 80545 with 1 files
[5670/7005] uploaded article 806 with 1 files
[5672/7005] uploaded article 808 with 1 files
[5671/7005] uploaded article 807 with 1 files
[5673/7005] uploaded article 809 with 1 files
[5675/7005] uploaded article 810 with 1 files
[5674/7005] uploaded article 81 with 1 files
[5676/7005] uploaded article 811 with 1 files
[5677/7005] uploaded article 811210 with 1 files
[5678/7005] uploaded article 812 with 1 files
[5681/7005] uploaded article 814 with 1 files
[5679/7005] uploaded article 813 with 1 files
[5680/7005] uploaded article 813R with 1 files
[5682/7005] uploaded article 815 with 1 files
[5684/7005] uploaded article 817 with 1 files
[5683/7005] uploaded article 816 with 1 files
[5687/7005] uploaded article 82 with 1 files
[5685/7005] uploaded article 818 with 1 files
[5686/7005] uploaded article 819 with 1 files
[5689/7005] uploaded article 8203-360 with 1 files
[5690/7005] uploaded article 8203-390 with 1 files
[5688/7005] uploaded article 820 with 1 files
[5692/7005] uploaded article 822 with 1 files
[5691/7005] uploaded article 821 with 1 files
[5693/7005] uploaded article 823 with 1 files
[5694/7005] uploaded article 824 with 1 files
[5696/7005] uploaded article 826 with 1 files
[5695/7005] uploaded article 825 with 1 files
[5697/7005] uploaded article 827 with 1 files
[5698/7005] uploaded article 828 with 1 files
[5699/7005] uploaded article 829 with 1 files
[5701/7005] uploaded article 830 with 1 files
[5700/7005] uploaded article 83 with 1 files
[5702/7005] uploaded article 8301035 with 1 files
[5704/7005] uploaded article 832 with 1 files
[5705/7005] uploaded article 833 with 1 files
[5703/7005] uploaded article 831 with 1 files
[5706/7005] uploaded article 834 with 1 files
[5708/7005] uploaded article 836 with 1 files
[5707/7005] uploaded article 835 with 1 files
[5709/7005] uploaded article 837 with 1 files
[5711/7005] uploaded article 839 with 1 files
[5710/7005] uploaded article 838 with 1 files
[5714/7005] uploaded article 840 with 1 files
[5713/7005] uploaded article 84-3 with 1 files
[5712/7005] uploaded article 84 with 1 files
[5715/7005] uploaded article 841 with 1 files
[5716/7005] uploaded article 842 with 1 files
[5717/7005] uploaded article 843 with 1 files
[5720/7005] uploaded article 846 with 1 files
[5719/7005] uploaded article 845 with 1 files
[5718/7005] uploaded article 844 with 1 files
[5721/7005] uploaded article 847 with 1 files
[5723/7005] uploaded article 849 with 1 files
[5724/7005] uploaded article 85 with 1 files
[5722/7005] uploaded article 848 with 1 files
[5725/7005] uploaded article 850 with 1 files
[5726/7005] uploaded article 851 with 1 files
[5727/7005] uploaded article 852 with 1 files
[5728/7005] uploaded article 853 with 1 files
[5729/7005] uploaded article 854 with 1 files
[5730/7005] uploaded article 855 with 1 files
[5731/7005] uploaded article 856 with 1 files
[5732/7005] uploaded article 857 with 1 files
[5733/7005] uploaded article 858 with 1 files
[5734/7005] uploaded article 858.54.77 with 1 files
[5735/7005] uploaded article 859 with 1 files
[5736/7005] uploaded article 86 with 1 files
[5737/7005] uploaded article 860 with 1 files
[5738/7005] uploaded article 861 with 1 files
[5739/7005] uploaded article 862 with 1 files
[5740/7005] uploaded article 863 with 1 files
[5742/7005] uploaded article 864 with 1 files
[5741/7005] uploaded article 86371P with 1 files
[5743/7005] uploaded article 865 with 1 files
[5745/7005] uploaded article 867 with 1 files
[5744/7005] uploaded article 866 with 1 files
[5746/7005] uploaded article 868 with 1 files
[5747/7005] uploaded article 869 with 1 files
[5748/7005] uploaded article 87 with 1 files
[5749/7005] uploaded article 870 with 1 files
[5750/7005] uploaded article 871 with 1 files
[5751/7005] uploaded article 872 with 1 files
[5752/7005] uploaded article 873 with 1 files
[5753/7005] uploaded article 874 with 1 files
[5754/7005] uploaded article 875 with 1 files
[5756/7005] uploaded article 879 with 1 files
[5755/7005] uploaded article 876 with 1 files
[5757/7005] uploaded article 88 with 1 files
[5759/7005] uploaded article 881 with 1 files
[5760/7005] uploaded article 882 with 1 files
[5758/7005] uploaded article 880 with 1 files
[5761/7005] uploaded article 88271M with 1 files
[5763/7005] uploaded article 884 with 1 files
[5762/7005] uploaded article 883 with 1 files
[5764/7005] uploaded article 886 with 1 files
[5765/7005] uploaded article 888 with 1 files
[5766/7005] uploaded article 889 with 1 files
[5767/7005] uploaded article 88PS with 1 files
[5768/7005] uploaded article 89 with 1 files
[5769/7005] uploaded article 890 with 1 files
[5770/7005] uploaded article 891 with 1 files
[5772/7005] uploaded article 893 with 1 files
[5773/7005] uploaded article 894 with 1 files
[5774/7005] uploaded article 895 with 1 files
[5775/7005] uploaded article 896 with 1 files
[5776/7005] uploaded article 897 with 1 files
[5771/7005] uploaded article 892 with 1 files
[5778/7005] uploaded article 899 with 1 files
[5777/7005] uploaded article 898 with 1 files
[5779/7005] uploaded article 9-101 with 1 files
[5780/7005] uploaded article 9-1922 with 1 files
[5781/7005] uploaded article 90 with 1 files
[5782/7005] uploaded article 900 with 1 files
[5783/7005] uploaded article 901 with 1 files
[5784/7005] uploaded article 901604 with 1 files
[5785/7005] uploaded article 901659 with 1 files
[5786/7005] uploaded article 9018 with 1 files
[5787/7005] uploaded article 902 with 1 files
[5788/7005] uploaded article 903 with 1 files
[5789/7005] uploaded article 904 with 1 files
[5790/7005] uploaded article 905 with 1 files
[5791/7005] uploaded article 9052-001 with 1 files
[5792/7005] uploaded article 906 with 1 files
[5793/7005] uploaded article 907 with 1 files
[5794/7005] uploaded article 908 with 1 files
[5795/7005] uploaded article 909 with 1 files
[5796/7005] uploaded article 91 with 1 files
[5797/7005] uploaded article 910 with 1 files
[5798/7005] uploaded article 911 with 1 files
[5800/7005] uploaded article 913 with 1 files
[5799/7005] uploaded article 912 with 1 files
[5801/7005] uploaded article 914 with 1 files
[5802/7005] uploaded article 915 with 1 files
[5803/7005] uploaded article 916 with 1 files
[5804/7005] uploaded article 917 with 1 files
[5806/7005] uploaded article 919 with 1 files
[5805/7005] uploaded article 918 with 1 files
[5807/7005] uploaded article 92 with 1 files
[5808/7005] uploaded article 920 with 1 files
[5809/7005] uploaded article 921 with 1 files
[5810/7005] uploaded article 923 with 1 files
[5811/7005] uploaded article 924 with 1 files
[5812/7005] uploaded article 925 with 1 files
[5813/7005] uploaded article 926 with 1 files
[5814/7005] uploaded article 927 with 1 files
[5815/7005] uploaded article 928 with 1 files
[5816/7005] uploaded article 929 with 1 files
[5818/7005] uploaded article 930 with 1 files
[5817/7005] uploaded article 93 with 1 files
[5819/7005] uploaded article 931 with 1 files
[5820/7005] uploaded article 932 with 1 files
[5821/7005] uploaded article 933 with 1 files
[5822/7005] uploaded article 934 with 1 files
[5824/7005] uploaded article 937 with 1 files
[5823/7005] uploaded article 935 with 1 files
[5825/7005] uploaded article 938 with 1 files
[5826/7005] uploaded article 939 with 1 files
[5827/7005] uploaded article 94 with 1 files
[5828/7005] uploaded article 940 with 1 files
[5830/7005] uploaded article 942 with 1 files
[5829/7005] uploaded article 941 with 1 files
[5831/7005] uploaded article 943 with 1 files
[5832/7005] uploaded article 946 with 1 files
[5833/7005] uploaded article 947 with 1 files
[5834/7005] uploaded article 948 with 1 files
[5835/7005] uploaded article 949 with 1 files
[5836/7005] uploaded article 95 with 1 files
[5837/7005] uploaded article 950 with 1 files
[5838/7005] uploaded article 951 with 1 files
[5839/7005] uploaded article 952 with 1 files
[5840/7005] uploaded article 953 with 1 files
[5841/7005] uploaded article 954 with 1 files
[5842/7005] uploaded article 955 with 1 files
[5843/7005] uploaded article 956 with 1 files
[5844/7005] uploaded article 957 with 1 files
[5846/7005] uploaded article 959 with 1 files
[5845/7005] uploaded article 958 with 1 files
[5849/7005] uploaded article 960 with 1 files
[5847/7005] uploaded article 95SP12G with 1 files
[5848/7005] uploaded article 96 with 1 files
[5851/7005] uploaded article 963 with 1 files
[5850/7005] uploaded article 962 with 1 files
[5852/7005] uploaded article 964 with 1 files
[5854/7005] uploaded article 968 with 1 files
[5855/7005] uploaded article 969 with 1 files
[5853/7005] uploaded article 965 with 1 files
[5857/7005] uploaded article 970 with 1 files
[5858/7005] uploaded article 971 with 1 files
[5856/7005] uploaded article 97 with 1 files
[5859/7005] uploaded article 972 with 1 files
[5860/7005] uploaded article 974 with 1 files
[5861/7005] uploaded article 975 with 1 files
[5862/7005] uploaded article 976 with 1 files
[5863/7005] uploaded article 977 with 1 files
[5864/7005] uploaded article 978 with 1 files
[5865/7005] uploaded article 979 with 1 files
[5866/7005] uploaded article 980 with 1 files
[5867/7005] uploaded article 981 with 1 files
[5868/7005] uploaded article 982 with 1 files
[5869/7005] uploaded article 983 with 1 files
[5870/7005] uploaded article 984 with 1 files
[5871/7005] uploaded article 985 with 1 files
[5872/7005] uploaded article 986 with 1 files
[5873/7005] uploaded article 987 with 1 files
[5874/7005] uploaded article 988 with 1 files
[5875/7005] uploaded article 989 with 1 files
[5876/7005] uploaded article 990 with 1 files
[5878/7005] uploaded article 992 with 1 files
[5879/7005] uploaded article 993 with 1 files
[5877/7005] uploaded article 991 with 1 files
[5881/7005] uploaded article 995 with 1 files
[5880/7005] uploaded article 994 with 1 files
[5882/7005] uploaded article 996 with 1 files
[5883/7005] uploaded article 997 with 1 files
[5884/7005] uploaded article 998 with 1 files
[5886/7005] uploaded article A-2210 with 1 files
[5885/7005] uploaded article 999 with 1 files
[5887/7005] uploaded article A6006#10 with 1 files
[5888/7005] uploaded article A6006#6 with 1 files
[5889/7005] uploaded article A6006#7 with 1 files
[5890/7005] uploaded article A6006#8 with 1 files
[5891/7005] uploaded article A6006#9 with 1 files
[5892/7005] uploaded article AC -3464 with 1 files
[5893/7005] uploaded article AC 2007 with 1 files
[5894/7005] uploaded article AC 2020 with 1 files
[5895/7005] uploaded article AC-3553C with 1 files
[5896/7005] uploaded article AC-3564 with 1 files
[5897/7005] uploaded article AC-356417 with 1 files
[5898/7005] uploaded article AC2005 with 1 files
[5899/7005] uploaded article AC2008 with 1 files
[5900/7005] uploaded article AC2009 with 1 files
[5901/7005] uploaded article AC2014 with 1 files
[5902/7005] uploaded article AC2017 with 1 files
[5903/7005] uploaded article AC2028 with 1 files
[5904/7005] uploaded article AC2037 with 1 files
[5905/7005] uploaded article AC2040 with 1 files
[5906/7005] uploaded article AC2041 with 1 files
[5907/7005] uploaded article AC2043 with 1 files
[5908/7005] uploaded article AC2047 with 1 files
[5909/7005] uploaded article AC2048 with 1 files
[5910/7005] uploaded article AC2059 with 1 files
[5912/7005] uploaded article AC2061 with 1 files
[5911/7005] uploaded article AC2060 with 1 files
[5913/7005] uploaded article AC2062 with 1 files
[5915/7005] uploaded article AC2064 with 1 files
[5914/7005] uploaded article AC2063 with 1 files
[5916/7005] uploaded article AF-B130 with 1 files
[5918/7005] uploaded article AJ-PRC0625 with 1 files
[5917/7005] uploaded article AF-D130 with 1 files
[5919/7005] uploaded article AJ-PRC1025 with 1 files
[5920/7005] uploaded article AL1-03 with 1 files
[5921/7005] uploaded article AL1-06 with 1 files
[5922/7005] uploaded article AL1-07 with 1 files
[5923/7005] uploaded article AL2-01 with 1 files
[5924/7005] uploaded article AL2-03 with 1 files
[5925/7005] uploaded article AL2-06 with 1 files
[5927/7005] uploaded article AM-8091002 with 1 files
[5926/7005] uploaded article AL2-07 with 1 files
[5928/7005] uploaded article AMN12262 with 1 files
[5929/7005] uploaded article AMN12263 with 1 files
[5931/7005] uploaded article AMN122660 with 1 files
[5930/7005] uploaded article AMN12264 with 1 files
[5933/7005] uploaded article AR14-S11 with 1 files
[5932/7005] uploaded article AR14-03 with 1 files
[5934/7005] uploaded article AR14-S12 with 1 files
[5935/7005] uploaded article AR14-S13 with 1 files
[5937/7005] uploaded article AR14-S9 with 1 files
[5936/7005] uploaded article AR14-S8 with 1 files
[5938/7005] uploaded article AR16-03 with 1 files
[5940/7005] uploaded article AR16-S11 with 1 files
[5939/7005] uploaded article AR16-S10 with 1 files
[5943/7005] uploaded article AR16-S8 with 1 files
[5941/7005] uploaded article AR16-S12 with 1 files
[5942/7005] uploaded article AR16-S13 with 1 files
[5946/7005] uploaded article AS-290-9 with 1 files
[5945/7005] uploaded article AS-139-2 with 1 files
[5944/7005] uploaded article ART2008 with 1 files
[5947/7005] uploaded article B70ML with 1 files
[5948/7005] uploaded article B70UL with 1 files
[5949/7005] uploaded article B80L with 1 files
[5951/7005] uploaded article BCP01 with 1 files
[5950/7005] uploaded article B80M with 1 files
[5952/7005] uploaded article BCP02 with 1 files
[5955/7005] uploaded article BFS3SYB with 1 files
[5953/7005] uploaded article BCP03 with 1 files
[5954/7005] uploaded article BFS3 BYR with 1 files
[5956/7005] uploaded article BFS3SYBL with 1 files
[5957/7005] uploaded article BKL762ULS with 1 files
[5958/7005] uploaded article BL-G with 1 files
[5959/7005] uploaded article BL802ML with 1 files
[5960/7005] uploaded article BLPN-001 with 1 files
[5961/7005] uploaded article BLPN-002 with 1 files
[5962/7005] uploaded article BLPN-003 with 1 files
[5964/7005] uploaded article BLPN-005 with 1 files
[5963/7005] uploaded article BLPN-004 with 1 files
[5965/7005] uploaded article BLPN-006 with 1 files
[5966/7005] uploaded article BLPN-007 with 1 files
[5967/7005] uploaded article BLPN-008 with 1 files
[5968/7005] uploaded article BLPN-009 with 1 files
[5970/7005] uploaded article BLPN-011 with 1 files
[5969/7005] uploaded article BLPN-010 with 1 files
[5971/7005] uploaded article BLPN-013 with 1 files
[5972/7005] uploaded article BLPN-015 with 1 files
[5973/7005] uploaded article BLPN-016 with 1 files
[5975/7005] uploaded article BLS2 with 1 files
[5976/7005] uploaded article BLS25 with 1 files
[5977/7005] uploaded article BLS3 with 1 files
[5978/7005] uploaded article BLS4L with 1 files
[5980/7005] uploaded article BN1 with 1 files
[5979/7005] uploaded article BM-5105050 with 1 files
[5974/7005] uploaded article BLS1 with 1 files
[5982/7005] uploaded article BO-HXA1E with 1 files
[5981/7005] uploaded article BO-HXA1C with 1 files
[5983/7005] uploaded article BO-HXA1T with 1 files
[5985/7005] uploaded article BO-HXA2E with 1 files
[5984/7005] uploaded article BO-HXA2C with 1 files
[5986/7005] uploaded article BO-HXA2H with 1 files
[5988/7005] uploaded article BO-HXAB3G with 1 files
[5987/7005] uploaded article BO-HXAB3B with 1 files
[5989/7005] uploaded article BO-HXB3B with 1 files
[5991/7005] uploaded article BO-JXM1D with 1 files
[5990/7005] uploaded article BO-JXM10 with 1 files
[5992/7005] uploaded article BO-JXW0CX with 1 files
[5993/7005] uploaded article BO-JXW0GX with 1 files
[5994/7005] uploaded article BO-JXW0S with 1 files
[5995/7005] uploaded article BO-JXW1CX with 1 files
[5997/7005] uploaded article BO-JXW1GY with 1 files
[5996/7005] uploaded article BO-JXW1F with 1 files
[5998/7005] uploaded article BO-JXW1H with 1 files
[5999/7005] uploaded article BO-JXW1K with 1 files
[6000/7005] uploaded article BO-JXW1L with 1 files
[6001/7005] uploaded article BO-JXW1S with 1 files
[6004/7005] uploaded article BO-JXW2H with 1 files
[6002/7005] uploaded article BO-JXW2D with 1 files
[6003/7005] uploaded article BO-JXW2G with 1 files
[6007/7005] uploaded article BO-JXW3S with 1 files
[6005/7005] uploaded article BO-JXW2K with 1 files
[6006/7005] uploaded article BO-JXW3G with 1 files
[6008/7005] uploaded article BOR-R with 1 files
[6009/7005] uploaded article BOYABY1g with 1 files
[6010/7005] uploaded article BOYABY2g with 1 files
[6012/7005] uploaded article BOYABY4g with 1 files
[6011/7005] uploaded article BOYABY3g with 1 files
[6013/7005] uploaded article BOYABY5g with 1 files
[6014/7005] uploaded article BPSM with 1 files
[6015/7005] uploaded article BPSS with 1 files
[6016/7005] uploaded article BSA 14G with 1 files
[6019/7005] uploaded article BSA 2G with 1 files
[6018/7005] uploaded article BSA 20G with 1 files
[6017/7005] uploaded article BSA 18G with 1 files
[6020/7005] uploaded article BSA 4.5G with 1 files
[6022/7005] uploaded article BSA1 15G with 1 files
[6021/7005] uploaded article BSA 4G with 1 files
[6025/7005] uploaded article BSC 9G with 1 files
[6024/7005] uploaded article BSB 15G with 1 files
[6023/7005] uploaded article BSB 10G with 1 files
[6026/7005] uploaded article BSK 10G with 1 files
[6027/7005] uploaded article BSR 8G with 1 files
[6028/7005] uploaded article BSR3 14G with 1 files
[6029/7005] uploaded article BSS 12G with 1 files
[6031/7005] uploaded article BST 20G with 1 files
[6032/7005] uploaded article BSX3 15G with 1 files
[6030/7005] uploaded article BSS 14G with 1 files
[6033/7005] uploaded article BT-FR106A with 1 files
[6034/7005] uploaded article BT-FR106B with 1 files
[6035/7005] uploaded article BT-FR106C with 1 files
[6036/7005] uploaded article BT-FR106D with 1 files
[6038/7005] uploaded article BV037-5 with 1 files
[6039/7005] uploaded article BV040 with 1 files
[6037/7005] uploaded article BV033 with 1 files
[6041/7005] uploaded article BV044 with 1 files
[6042/7005] uploaded article BV048 with 1 files
[6040/7005] uploaded article BV043 with 1 files
[6044/7005] uploaded article BV050 with 1 files
[6045/7005] uploaded article BV050-3 with 1 files
[6043/7005] uploaded article BV049-3 with 1 files
[6046/7005] uploaded article BV052 with 1 files
[6048/7005] uploaded article BV056 with 1 files
[6047/7005] uploaded article BV054-3 with 1 files
[6049/7005] uploaded article BV057-4 with 1 files
[6050/7005] uploaded article BV061-2 with 1 files
[6051/7005] uploaded article BV063 with 1 files
[6053/7005] uploaded article BV066-5 with 1 files
[6052/7005] uploaded article BV063-3 with 1 files
[6054/7005] uploaded article BV071-3 with 1 files
[6055/7005] uploaded article BV071-4 with 1 files
[6056/7005] uploaded article BV074-3 with 1 files
[6057/7005] uploaded article BV077 with 1 files
[6058/7005] uploaded article BW-HCX1B with 1 files
[6059/7005] uploaded article BW-HCX1C with 1 files
[6060/7005] uploaded article BW-HCX1E with 1 files
[6062/7005] uploaded article BW-HCX2B with 1 files
[6061/7005] uploaded article BW-HCX1H with 1 files
[6063/7005] uploaded article BW-HCX2C with 1 files
[6065/7005] uploaded article BW-HDX1G with 1 files
[6064/7005] uploaded article BW-HCX2E with 1 files
[6066/7005] uploaded article BW-HDX2B with 1 files
[6067/7005] uploaded article BW-HDX2E with 1 files
[6068/7005] uploaded article BW-HFX1C with 1 files
[6069/7005] uploaded article BW-HFX1D with 1 files
[6070/7005] uploaded article BW-HFX1F with 1 files
[6071/7005] uploaded article BW-HFX2F with 1 files
[6072/7005] uploaded article BW-HIX1E with 1 files
[6073/7005] uploaded article BW-HJB1A with 1 files
[6074/7005] uploaded article BW-HJB1E with 1 files
[6075/7005] uploaded article BW-HJC1A with 1 files
[6076/7005] uploaded article BW-HJC1F with 1 files
[6077/7005] uploaded article BW-HJC1G with 1 files
[6078/7005] uploaded article BW-HJC2F with 1 files
[6079/7005] uploaded article BW-HJD1H with 1 files
[6080/7005] uploaded article BW-HNX1D with 1 files
[6081/7005] uploaded article BW-HNX1E with 1 files
[6082/7005] uploaded article BW-HNX1H with 1 files
[6084/7005] uploaded article BW-HNX2G with 1 files
[6083/7005] uploaded article BW-HNX2C with 1 files
[6085/7005] uploaded article BW-HNX2K with 1 files
[6087/7005] uploaded article BW-JAN1G with 1 files
[6086/7005] uploaded article BW-JAN1C with 1 files
[6088/7005] uploaded article BW-JAN1N with 1 files
[6089/7005] uploaded article BW-JAN1S with 1 files
[6090/7005] uploaded article BW-JAN2G with 1 files
[6091/7005] uploaded article BW-JAN2S with 1 files
[6092/7005] uploaded article BW-JAR1S with 1 files
[6093/7005] uploaded article BW-JAR2S with 1 files
[6094/7005] uploaded article BW-JAR2SA with 1 files
[6095/7005] uploaded article BW-JAS2G with 1 files
[6096/7005] uploaded article BW-JKA1E with 1 files
[6097/7005] uploaded article BW-JKA1G with 1 files
[6098/7005] uploaded article BW-JKA1NOL with 1 files
[6099/7005] uploaded article BW-JKA1NTL with 1 files
[6100/7005] uploaded article BW-JKA1NUL with 1 files
[6102/7005] uploaded article BW-JKA1S with 1 files
[6101/7005] uploaded article BW-JKA1P with 1 files
[6103/7005] uploaded article BW-JKB1F with 1 files
[6105/7005] uploaded article BW-JKI1S with 1 files
[6104/7005] uploaded article BW-JKG2S with 1 files
[6106/7005] uploaded article BW-JKI2E with 1 files
[6107/7005] uploaded article BW-JKI2G with 1 files
[6108/7005] uploaded article BW-JKI3E with 1 files
[6109/7005] uploaded article BW-JKK2D with 1 files
[6110/7005] uploaded article BW-JKL2SB with 1 files
[6111/7005] uploaded article BW-JKU1SC with 1 files
[6112/7005] uploaded article BW-JLR2A with 1 files
[6114/7005] uploaded article BW-JXE2K with 1 files
[6113/7005] uploaded article BW-JLR2D with 1 files
[6115/7005] uploaded article BW-JXE2L with 1 files
[6116/7005] uploaded article BY-J6000 with 1 files
[6117/7005] uploaded article C01-004 with 1 files
[6118/7005] uploaded article C03-002 with 1 files
[6119/7005] uploaded article CFINVNAB001_AVERAGE with 1 files
[6120/7005] uploaded article CFINVNAB001_SM with 1 files
[6121/7005] uploaded article CP1630-8-25 with 1 files
[6122/7005] uploaded article CP1635-8-25 with 1 files
[6123/7005] uploaded article CP2015 with 1 files
[6124/7005] uploaded article CP3710-015 with 1 files
[6125/7005] uploaded article CP3710-025 with 1 files
[6126/7005] uploaded article CP3810-025 with 1 files
[6127/7005] uploaded article CP3910-115 with 1 files
[6129/7005] uploaded article CP4010-115 with 1 files
[6128/7005] uploaded article CP3910-125 with 1 files
[6130/7005] uploaded article CP4010-125 with 1 files
[6131/7005] uploaded article CP4110-010 with 1 files
[6132/7005] uploaded article CP4110-025 with 1 files
[6133/7005] uploaded article CP5410-286 with 1 files
[6134/7005] uploaded article CP5410-309 with 1 files
[6135/7005] uploaded article CP6498 with 1 files
[6136/7005] uploaded article CPHL01 with 1 files
[6137/7005] uploaded article CPHM01 with 1 files
[6138/7005] uploaded article CPHS01 with 1 files
[6139/7005] uploaded article CPZ15050 with 1 files
[6141/7005] uploaded article CR001060 with 1 files
[6140/7005] uploaded article CPZD3003 with 1 files
[6142/7005] uploaded article CR005038 with 1 files
[6143/7005] uploaded article CS-260210-JW with 1 files
[6144/7005] uploaded article CS-260210-XG with 1 files
[6145/7005] uploaded article CS-270220-JW with 1 files
[6146/7005] uploaded article CS-270220-XG with 1 files
[6147/7005] uploaded article CS-280230-JW with 1 files
[6148/7005] uploaded article CS-360210-JW with 1 files
[6149/7005] uploaded article CS-360210-QP with 1 files
[6150/7005] uploaded article CS100-L07 with 1 files
[6152/7005] uploaded article CZ1138 with 1 files
[6151/7005] uploaded article CT-1 ¹4 with 1 files
[6153/7005] uploaded article CZ1152 with 1 files
[6154/7005] uploaded article CZ1531 with 1 files
[6155/7005] uploaded article CZ1555 with 1 files
[6156/7005] uploaded article CZ1579 with 1 files
[6158/7005] uploaded article CZ1630 with 1 files
[6157/7005] uploaded article CZ1586 with 1 files
[6159/7005] uploaded article CZ4877 with 1 files
[6161/7005] uploaded article CZ4914 with 1 files
[6160/7005] uploaded article CZ4884 with 1 files
[6162/7005] uploaded article CZ4975 with 1 files
[6164/7005] uploaded article CZ4999 with 1 files
[6163/7005] uploaded article CZ4982 with 1 files
[6165/7005] uploaded article CZ7873 with 1 files
[6167/7005] uploaded article DD-K5ÑÌ with 1 files
[6166/7005] uploaded article DB6ÑÌ with 1 files
[6168/7005] uploaded article DD5ÑÌ with 1 files
[6170/7005] uploaded article DF133010 with 1 files
[6169/7005] uploaded article DD7ÑÌ with 1 files
[6171/7005] uploaded article DF143010 with 1 files
[6172/7005] uploaded article DG6ÑÌ with 1 files
[6173/7005] uploaded article DGY040 with 1 files
[6174/7005] uploaded article DJ2.5ñì with 1 files
[6175/7005] uploaded article DJ6ÑÌ with 1 files
[6176/7005] uploaded article DP5ÑÌ with 1 files
[6177/7005] uploaded article DP6ÑÌ with 1 files
[6178/7005] uploaded article DRN1-01 with 1 files
[6179/7005] uploaded article DRN1-03 with 1 files
[6180/7005] uploaded article DRN1-04 with 1 files
[6181/7005] uploaded article DS65-F18 with 1 files
[6182/7005] uploaded article DS65-M03 with 1 files
[6184/7005] uploaded article DSM-L-101 with 1 files
[6183/7005] uploaded article DS65-M39 with 1 files
[6185/7005] uploaded article DSM-L-102 with 1 files
[6186/7005] uploaded article DSM-L-103 with 1 files
[6187/7005] uploaded article DSM-L-104 with 1 files
[6188/7005] uploaded article DSM-L-105 with 1 files
[6189/7005] uploaded article DSM-L-106 with 1 files
[6190/7005] uploaded article DSM-L-107 with 1 files
[6191/7005] uploaded article DSM-L-109 with 1 files
[6192/7005] uploaded article DSM-L-110 with 1 files
[6194/7005] uploaded article DSM-L-112 with 1 files
[6193/7005] uploaded article DSM-L-111 with 1 files
[6196/7005] uploaded article DSM-L-114 with 1 files
[6197/7005] uploaded article DSM-L-115 with 1 files
[6195/7005] uploaded article DSM-L-113 with 1 files
[6198/7005] uploaded article DSM-L-116 with 1 files
[6199/7005] uploaded article DSM-L-117 with 1 files
[6200/7005] uploaded article DSM-M-101 with 1 files
[6203/7005] uploaded article DSM-M-104 with 1 files
[6201/7005] uploaded article DSM-M-102 with 1 files
[6202/7005] uploaded article DSM-M-103 with 1 files
[6205/7005] uploaded article DSM-M-106 with 1 files
[6206/7005] uploaded article DSM-M-107 with 1 files
[6204/7005] uploaded article DSM-M-105 with 1 files
[6207/7005] uploaded article DSM-M-108 with 1 files
[6209/7005] uploaded article DSM-M-110 with 1 files
[6208/7005] uploaded article DSM-M-109 with 1 files
[6210/7005] uploaded article DSM-M-111 with 1 files
[6211/7005] uploaded article DSM-M-112 with 1 files
[6212/7005] uploaded article DSM-M-113 with 1 files
[6213/7005] uploaded article DSM-M-114 with 1 files
[6214/7005] uploaded article DSM-M-115 with 1 files
[6215/7005] uploaded article DSM-M-116 with 1 files
[6216/7005] uploaded article DSM-M-117 with 1 files
[6217/7005] uploaded article DWY003 with 1 files
[6218/7005] uploaded article DWY113 with 1 files
[6220/7005] uploaded article F0020005 with 1 files
[6219/7005] uploaded article ESL762M with 1 files
[6221/7005] uploaded article F0020051 with 1 files
[6222/7005] uploaded article F150 with 1 files
[6223/7005] uploaded article F2422 with 1 files
[6224/7005] uploaded article FA-65F-452 with 1 files
[6225/7005] uploaded article FA-65F-476 with 1 files
[6226/7005] uploaded article FA-65F-480 with 1 files
[6227/7005] uploaded article FA-65F-481 with 1 files
[6228/7005] uploaded article FA-65F-485 with 1 files
[6229/7005] uploaded article FA-65F-487 with 1 files
[6230/7005] uploaded article FABS10-2426 with 1 files
[6231/7005] uploaded article FABS15-197 with 1 files
[6232/7005] uploaded article FABS15-199 with 1 files
[6233/7005] uploaded article FABS15-200 with 1 files
[6235/7005] uploaded article FABS15-2426 with 1 files
[6234/7005] uploaded article FABS15-201 with 1 files
[6236/7005] uploaded article FAC-38-477 with 1 files
[6237/7005] uploaded article FAC-38-487 with 1 files
[6238/7005] uploaded article FAC-38-F101 with 1 files
[6239/7005] uploaded article FAC-38-F103 with 1 files
[6240/7005] uploaded article FAC-38-F104 with 1 files
[6242/7005] uploaded article FAC-38-F109 with 1 files
[6241/7005] uploaded article FAC-38-F107 with 1 files
[6244/7005] uploaded article FAC-38-F201 with 1 files
[6243/7005] uploaded article FAC-38-F110 with 1 files
[6245/7005] uploaded article FAC-38-F452 with 1 files
[6248/7005] uploaded article FAT-150-209 with 1 files
[6247/7005] uploaded article FACR6000 with 1 files
[6246/7005] uploaded article FACR5000 with 1 files
[6249/7005] uploaded article FAT-200-777 with 1 files
[6250/7005] uploaded article FAT-95-203D with 1 files
[6251/7005] uploaded article FAT-95-227D with 1 files
[6253/7005] uploaded article FBTX-24 with 1 files
[6252/7005] uploaded article FATK-5 with 1 files
[6254/7005] uploaded article FBTX-30 with 1 files
[6255/7005] uploaded article FBTX-32 with 1 files
[6256/7005] uploaded article FFB5Orange with 1 files
[6257/7005] uploaded article FFC-016-3b with 1 files
[6258/7005] uploaded article FFPBS with 1 files
[6259/7005] uploaded article FGEVA0010 with 1 files
[6260/7005] uploaded article FLB8_2bc with 1 files
[6261/7005] uploaded article FLB9_2bc with 1 files
[6262/7005] uploaded article FLFB with 1 files
[6263/7005] uploaded article FLOB-110 with 1 files
[6264/7005] uploaded article FLOB-200 with 1 files
[6265/7005] uploaded article FLOB-300 with 1 files
[6266/7005] uploaded article FO-3312 1 with 1 files
[6267/7005] uploaded article FO-3312 2 with 1 files
[6269/7005] uploaded article FO-3312 6 with 1 files
[6268/7005] uploaded article FO-3312 4 with 1 files
[6270/7005] uploaded article FO-3312 8 with 1 files
[6271/7005] uploaded article FO-3315 1 with 1 files
[6272/7005] uploaded article FO-3315 2 with 1 files
[6273/7005] uploaded article FO-3315 4 with 1 files
[6274/7005] uploaded article FO-3315 6 with 1 files
[6275/7005] uploaded article FO-3315 8 with 1 files
[6276/7005] uploaded article FRT-229 with 1 files
[6277/7005] uploaded article FRT-K7 with 1 files
[6278/7005] uploaded article FSPR-L with 1 files
[6279/7005] uploaded article FSPR-M with 1 files
[6280/7005] uploaded article FSPR-XL with 1 files
[6281/7005] uploaded article FU12170 with 1 files
[6282/7005] uploaded article GK 16-30 with 1 files
[6284/7005] uploaded article GP-1260 with 1 files
[6283/7005] uploaded article GL17-30 with 1 files
[6285/7005] uploaded article GP-1277 with 1 files
[6286/7005] uploaded article GP-1284 with 1 files
[6287/7005] uploaded article GP-189 with 1 files
[6288/7005] uploaded article GR 1-02 with 1 files
[6289/7005] uploaded article GR1-04 with 1 files
[6290/7005] uploaded article GZ8892 with 1 files
[6291/7005] uploaded article H.BIL228 with 1 files
[6292/7005] uploaded article HB-001-707002 with 1 files
[6293/7005] uploaded article HB-030-15501 with 1 files
[6294/7005] uploaded article HB-054-14006 with 1 files
[6295/7005] uploaded article HB-60 with 1 files
[6296/7005] uploaded article HB-J3-20FR with 1 files
[6297/7005] uploaded article HB-J3-50FR with 1 files
[6298/7005] uploaded article HB001-230603 with 1 files
[6299/7005] uploaded article HB001-240703 with 1 files
[6300/7005] uploaded article HB001-250803 with 1 files
[6302/7005] uploaded article HC60-A22 with 1 files
[6303/7005] uploaded article HC60-C06 with 1 files
[6301/7005] uploaded article HC60-301 with 1 files
[6304/7005] uploaded article HC60-MO6 with 1 files
[6305/7005] uploaded article HFBL-G with 1 files
[6306/7005] uploaded article HFBL-Y with 1 files
[6307/7005] uploaded article HFTC-2T-R with 1 files
[6308/7005] uploaded article HFTC-3C-R with 1 files
[6309/7005] uploaded article HH-260170-GJ with 1 files
[6310/7005] uploaded article HH-270170-GJ with 1 files
[6311/7005] uploaded article HJ14-185100 with 1 files
[6312/7005] uploaded article HY-360170-GJ with 1 files
[6313/7005] uploaded article HY-370170-GJ with 1 files
[6314/7005] uploaded article HY-380170-GJ with 1 files
[6315/7005] uploaded article HY-D-370170-GJ with 1 files
[6316/7005] uploaded article HY-GJ-L with 1 files
[6318/7005] uploaded article HY-HRB08 with 1 files
[6317/7005] uploaded article HY-HAF06 with 1 files
[6319/7005] uploaded article INA050A with 1 files
[6321/7005] uploaded article INA050G with 1 files
[6320/7005] uploaded article INA050B with 1 files
[6322/7005] uploaded article INA050J with 1 files
[6324/7005] uploaded article INA050N with 1 files
[6323/7005] uploaded article INA050M with 1 files
[6325/7005] uploaded article INA050U with 1 files
[6327/7005] uploaded article INB095I with 1 files
[6326/7005] uploaded article INA05T with 1 files
[6328/7005] uploaded article INK070 with 1 files
[6329/7005] uploaded article INK070A with 1 files
[6330/7005] uploaded article INK070B with 1 files
[6331/7005] uploaded article INK070D with 1 files
[6332/7005] uploaded article INK070E with 1 files
[6333/7005] uploaded article INK070G with 1 files
[6334/7005] uploaded article INK070I with 1 files
[6335/7005] uploaded article INK070J with 1 files
[6336/7005] uploaded article INK070K with 1 files
[6338/7005] uploaded article INK070M with 1 files
[6337/7005] uploaded article INK070L with 1 files
[6339/7005] uploaded article INK070N with 1 files
[6340/7005] uploaded article INK070P with 1 files
[6341/7005] uploaded article INK070R with 1 files
[6342/7005] uploaded article INK070S with 1 files
[6343/7005] uploaded article INK070T with 1 files
[6344/7005] uploaded article INK070U with 1 files
[6345/7005] uploaded article INK070V with 1 files
[6346/7005] uploaded article INK070Ñ with 1 files
[6347/7005] uploaded article INK085A with 1 files
[6349/7005] uploaded article INK085M with 1 files
[6348/7005] uploaded article INK085D with 1 files
[6350/7005] uploaded article INK085T with 1 files
[6352/7005] uploaded article INK090A with 1 files
[6351/7005] uploaded article INK085Y with 1 files
[6353/7005] uploaded article INK090C with 1 files
[6354/7005] uploaded article INK090D with 1 files
[6355/7005] uploaded article INK090F with 1 files
[6356/7005] uploaded article INK090G with 1 files
[6357/7005] uploaded article INK090J with 1 files
[6358/7005] uploaded article INK090K with 1 files
[6359/7005] uploaded article INK090L with 1 files
[6361/7005] uploaded article INK090P with 1 files
[6360/7005] uploaded article INK090M with 1 files
[6362/7005] uploaded article INK090T with 1 files
[6363/7005] uploaded article INK090U with 1 files
[6364/7005] uploaded article INK090V with 1 files
[6365/7005] uploaded article INK090Â with 1 files
[6367/7005] uploaded article INK105B with 1 files
[6366/7005] uploaded article INK105A with 1 files
[6368/7005] uploaded article INK105D with 1 files
[6369/7005] uploaded article INK105S with 1 files
[6370/7005] uploaded article INK105U with 1 files
[6371/7005] uploaded article INK105Y with 1 files
[6372/7005] uploaded article INK105Z with 1 files
[6373/7005] uploaded article INK125O with 1 files
[6374/7005] uploaded article INK125P with 1 files
[6375/7005] uploaded article INK125Z with 1 files
[6376/7005] uploaded article IS1-044G with 1 files
[6377/7005] uploaded article IS1-054G with 1 files
[6378/7005] uploaded article IS3-0217G with 1 files
[6379/7005] uploaded article IS4-034G with 1 files
[6380/7005] uploaded article JCA2201 with 1 files
[6381/7005] uploaded article JCA2202 with 1 files
[6382/7005] uploaded article JCA2204 with 1 files
[6383/7005] uploaded article JCA2265 with 1 files
[6384/7005] uploaded article JFS3154 with 1 files
[6385/7005] uploaded article JIX7.2G with 1 files
[6386/7005] uploaded article JR10.5G with 1 files
[6387/7005] uploaded article K-2181 with 1 files
[6388/7005] uploaded article K-3040 with 1 files
[6389/7005] uploaded article K-3046 with 1 files
[6391/7005] uploaded article KB16014 with 1 files
[6390/7005] uploaded article K2181 with 1 files
[6392/7005] uploaded article KKR8 with 1 files
[6394/7005] uploaded article KS302521PR with 1 files
[6393/7005] uploaded article KS291511RR with 1 files
[6395/7005] uploaded article KS401727PR with 1 files
[6396/7005] uploaded article KWG8 with 1 files
[6397/7005] uploaded article KZ501 with 1 files
[6398/7005] uploaded article KZ502 with 1 files
[6399/7005] uploaded article KZ503 with 1 files
[6400/7005] uploaded article KZ504 with 1 files
[6401/7005] uploaded article KZ505 with 1 files
[6402/7005] uploaded article KZ506 with 1 files
[6403/7005] uploaded article KZ507 with 1 files
[6404/7005] uploaded article KZ508 with 1 files
[6405/7005] uploaded article KZ509 with 1 files
[6406/7005] uploaded article KZ510 with 1 files
[6407/7005] uploaded article KZ511 with 1 files
[6408/7005] uploaded article KZ512 with 1 files
[6409/7005] uploaded article KZ513 with 1 files
[6410/7005] uploaded article KZ514 with 1 files
[6411/7005] uploaded article L1099 with 1 files
[6414/7005] uploaded article L20 with 1 files
[6415/7005] uploaded article L25 with 1 files
[6416/7005] uploaded article L30 with 1 files
[6412/7005] uploaded article L1251 with 1 files
[6413/7005] uploaded article L15 with 1 files
[6417/7005] uploaded article LD1-C03 with 1 files
[6418/7005] uploaded article LD1-C04 with 1 files
[6419/7005] uploaded article LD1-C07 with 1 files
[6420/7005] uploaded article LEG1264 with 1 files
[6421/7005] uploaded article LF21-C41 with 1 files
[6422/7005] uploaded article LF21-C43 with 1 files
[6423/7005] uploaded article LF21-C45 with 1 files
[6424/7005] uploaded article LF21-C51 with 1 files
[6425/7005] uploaded article LF21-C90 with 1 files
[6426/7005] uploaded article LF21-C92 with 1 files
[6427/7005] uploaded article LF22-C51 with 1 files
[6428/7005] uploaded article LF22-C90 with 1 files
[6429/7005] uploaded article LJBB02-002 with 1 files
[6431/7005] uploaded article LJBB03-003 with 1 files
[6430/7005] uploaded article LJBB02-005 with 1 files
[6432/7005] uploaded article LJBB03-005 with 1 files
[6434/7005] uploaded article LJBB03-009 with 1 files
[6433/7005] uploaded article LJBB03-007 with 1 files
[6435/7005] uploaded article LL-6651A with 1 files
[6436/7005] uploaded article MBC5000 with 1 files
[6438/7005] uploaded article MC111 with 1 files
[6437/7005] uploaded article MC103 with 1 files
[6440/7005] uploaded article MC123 with 1 files
[6441/7005] uploaded article MC127 with 1 files
[6439/7005] uploaded article MC115 with 1 files
[6442/7005] uploaded article MC129 with 1 files
[6443/7005] uploaded article MC135 with 1 files
[6444/7005] uploaded article MC139 with 1 files
[6445/7005] uploaded article MC141 with 1 files
[6446/7005] uploaded article MC143 with 1 files
[6447/7005] uploaded article MC145 with 1 files
[6448/7005] uploaded article MC147 with 1 files
[6450/7005] uploaded article MC155 with 1 files
[6449/7005] uploaded article MC153 with 1 files
[6451/7005] uploaded article MC161 with 1 files
[6453/7005] uploaded article MC304 with 1 files
[6452/7005] uploaded article MC173 with 1 files
[6456/7005] uploaded article MC310 with 1 files
[6454/7005] uploaded article MC308 with 1 files
[6455/7005] uploaded article MC309 with 1 files
[6457/7005] uploaded article MC312 with 1 files
[6458/7005] uploaded article MC313 with 1 files
[6459/7005] uploaded article MC316 with 1 files
[6460/7005] uploaded article MC318 with 1 files
[6462/7005] uploaded article MC323 with 1 files
[6461/7005] uploaded article MC319 with 1 files
[6463/7005] uploaded article MC324 with 1 files
[6464/7005] uploaded article ME-4511 with 1 files
[6465/7005] uploaded article ME-4514 with 1 files
[6466/7005] uploaded article ME-4515 with 1 files
[6467/7005] uploaded article ME-4516 with 1 files
[6468/7005] uploaded article ME-4517 with 1 files
[6469/7005] uploaded article ME-4518 with 1 files
[6470/7005] uploaded article ME-4519 with 1 files
[6471/7005] uploaded article ME-4520 with 1 files
[6472/7005] uploaded article ME-4521 with 1 files
[6474/7005] uploaded article MF 2050 with 1 files
[6473/7005] uploaded article MF 1830 with 1 files
[6475/7005] uploaded article MF 3456 with 1 files
[6476/7005] uploaded article MF 3471 with 1 files
[6477/7005] uploaded article MF 3485 with 1 files
[6478/7005] uploaded article MF 36 with 1 files
[6479/7005] uploaded article MF 3971 with 1 files
[6480/7005] uploaded article MF 4140 with 1 files
[6481/7005] uploaded article MF 4150 with 1 files
[6483/7005] uploaded article MF 4230 with 1 files
[6482/7005] uploaded article MF 4160 with 1 files
[6484/7005] uploaded article MF 4240 with 1 files
[6486/7005] uploaded article MF 4340 with 1 files
[6485/7005] uploaded article MF 4250 with 1 files
[6487/7005] uploaded article MF 440 with 1 files
[6488/7005] uploaded article MF 450 with 1 files
[6489/7005] uploaded article MF 460 with 1 files
[6490/7005] uploaded article MF 4740 with 1 files
[6491/7005] uploaded article MF 4750 with 1 files
[6492/7005] uploaded article MF1630 with 1 files
[6493/7005] uploaded article MF1640 with 1 files
[6494/7005] uploaded article MF1720 with 1 files
[6495/7005] uploaded article MF1740 with 1 files
[6497/7005] uploaded article MF3000 with 1 files
[6496/7005] uploaded article MF1830 with 1 files
[6498/7005] uploaded article MF3030 with 1 files
[6500/7005] uploaded article MF4260 with 1 files
[6499/7005] uploaded article MF4000 with 1 files
[6501/7005] uploaded article MF4330 with 1 files
[6503/7005] uploaded article MF740 with 1 files
[6502/7005] uploaded article MF5000 with 1 files
[6504/7005] uploaded article MK3S901 with 1 files
[6505/7005] uploaded article MK3S902 with 1 files
[6506/7005] uploaded article MK3S903 with 1 files
[6507/7005] uploaded article MK3S904 with 1 files
[6508/7005] uploaded article MK3S905 with 1 files
[6509/7005] uploaded article MK3S906 with 1 files
[6510/7005] uploaded article MK3S907 with 1 files
[6511/7005] uploaded article MK3S908 with 1 files
[6512/7005] uploaded article MK3S909 with 1 files
[6513/7005] uploaded article MK3S910 with 1 files
[6514/7005] uploaded article MK3S911 with 1 files
[6516/7005] uploaded article MK3S913 with 1 files
[6515/7005] uploaded article MK3S912 with 1 files
[6517/7005] uploaded article MK3S914 with 1 files
[6518/7005] uploaded article MK4S901 with 1 files
[6519/7005] uploaded article MK4S902 with 1 files
[6520/7005] uploaded article MK4S903 with 1 files
[6521/7005] uploaded article MK4S904 with 1 files
[6522/7005] uploaded article MK4S905 with 1 files
[6523/7005] uploaded article MK4S906 with 1 files
[6524/7005] uploaded article MK4S907 with 1 files
[6525/7005] uploaded article MK4S908 with 1 files
[6526/7005] uploaded article MK4S909 with 1 files
[6527/7005] uploaded article MK4S910 with 1 files
[6528/7005] uploaded article MK4S911 with 1 files
[6529/7005] uploaded article MK4S912 with 1 files
[6530/7005] uploaded article MK4S913 with 1 files
[6531/7005] uploaded article MK4S914 with 1 files
[6532/7005] uploaded article MK5S901 with 1 files
[6533/7005] uploaded article MK5S902 with 1 files
[6534/7005] uploaded article MK5S903 with 1 files
[6535/7005] uploaded article MK5S904 with 1 files
[6536/7005] uploaded article MK5S905 with 1 files
[6537/7005] uploaded article MK5S906 with 1 files
[6538/7005] uploaded article MK5S907 with 1 files
[6539/7005] uploaded article MK5S908 with 1 files
[6540/7005] uploaded article MK5S909 with 1 files
[6543/7005] uploaded article MK5S912 with 1 files
[6542/7005] uploaded article MK5S911 with 1 files
[6541/7005] uploaded article MK5S910 with 1 files
[6546/7005] uploaded article MKN-33-02 with 1 files
[6545/7005] uploaded article MK5S914 with 1 files
[6544/7005] uploaded article MK5S913 with 1 files
[6548/7005] uploaded article MKN-33-04 with 1 files
[6549/7005] uploaded article MKN-33-05 with 1 files
[6547/7005] uploaded article MKN-33-03 with 1 files
[6550/7005] uploaded article MKN-33-06 with 1 files
[6551/7005] uploaded article MKN-33-07 with 1 files
[6552/7005] uploaded article MKN-33-08 with 1 files
[6553/7005] uploaded article MKN-33-09 with 1 files
[6555/7005] uploaded article MKN-33-11 with 1 files
[6554/7005] uploaded article MKN-33-10 with 1 files
[6557/7005] uploaded article MN001100DRSP with 1 files
[6556/7005] uploaded article MKN-33-12 with 1 files
[6558/7005] uploaded article MN002110SF with 1 files
[6561/7005] uploaded article MN017112F with 1 files
[6560/7005] uploaded article MN003085F with 1 files
[6559/7005] uploaded article MN002110SP with 1 files
[6563/7005] uploaded article MN902 with 1 files
[6562/7005] uploaded article MN901 with 1 files
[6564/7005] uploaded article MN903 with 1 files
[6566/7005] uploaded article MN905 with 1 files
[6565/7005] uploaded article MN904 with 1 files
[6567/7005] uploaded article MN906 with 1 files
[6568/7005] uploaded article MN907 with 1 files
[6570/7005] uploaded article MN909 with 1 files
[6569/7005] uploaded article MN908 with 1 files
[6571/7005] uploaded article MN911 with 1 files
[6573/7005] uploaded article MN913 with 1 files
[6572/7005] uploaded article MN912 with 1 files
[6576/7005] uploaded article N21-2111 with 1 files
[6574/7005] uploaded article MN914 with 1 files
[6575/7005] uploaded article N21-2108 with 1 files
[6578/7005] uploaded article NC03-001 with 1 files
[6579/7005] uploaded article NC04-001 with 1 files
[6577/7005] uploaded article NC002-003 with 1 files
[6580/7005] uploaded article NFS-0016B with 1 files
[6582/7005] uploaded article NFS-003B with 1 files
[6581/7005] uploaded article NFS-001B with 1 files
[6583/7005] uploaded article NFS-004B with 1 files
[6584/7005] uploaded article NFS-005B with 1 files
[6585/7005] uploaded article NFS-007B with 1 files
[6586/7005] uploaded article NFS-008B with 1 files
[6588/7005] uploaded article P-8223-360 with 1 files
[6587/7005] uploaded article NO08111 with 1 files
[6589/7005] uploaded article P-8223-390 with 1 files
[6591/7005] uploaded article P0125-5 with 1 files
[6590/7005] uploaded article P0029C with 1 files
[6592/7005] uploaded article P0625-1 with 1 files
[6594/7005] uploaded article P0625-3 with 1 files
[6593/7005] uploaded article P0625-2 with 1 files
[6595/7005] uploaded article P0635-2 with 1 files
[6596/7005] uploaded article P0830-2 with 1 files
[6597/7005] uploaded article P0830-3 with 1 files
[6598/7005] uploaded article P150251 with 1 files
[6600/7005] uploaded article P150317 with 1 files
[6599/7005] uploaded article P150311 with 1 files
[6601/7005] uploaded article P150324 with 1 files
[6603/7005] uploaded article P2830-1CU with 1 files
[6602/7005] uploaded article P1530-01 with 1 files
[6604/7005] uploaded article P2830-1GO with 1 files
[6606/7005] uploaded article P2830-32 with 1 files
[6605/7005] uploaded article P2830-1SIL with 1 files
[6607/7005] uploaded article P600 with 1 files
[6608/7005] uploaded article PCS2 15CM with 1 files
[6609/7005] uploaded article PCS2 20CM with 1 files
[6610/7005] uploaded article PCS2 22.5CM with 1 files
[6611/7005] uploaded article PL-1-02 with 1 files
[6612/7005] uploaded article PLB-001B with 1 files
[6613/7005] uploaded article PLB-006B with 1 files
[6614/7005] uploaded article PLB-007B with 1 files
[6615/7005] uploaded article PLFK00220BL with 1 files
[6616/7005] uploaded article PLFK00230BL with 1 files
[6617/7005] uploaded article PLFK00240BL with 1 files
[6618/7005] uploaded article PLFPRHO0220OB with 1 files
[6619/7005] uploaded article PLFPRHO0230OB with 1 files
[6620/7005] uploaded article PLFPRHO0240OB with 1 files
[6622/7005] uploaded article PLN1-01 with 1 files
[6621/7005] uploaded article PLFPRHO0250OB with 1 files
[6623/7005] uploaded article PLN1-05 with 1 files
[6624/7005] uploaded article PR1-01 with 1 files
[6625/7005] uploaded article PR1-03 with 1 files
[6626/7005] uploaded article PR2-01 with 1 files
[6627/7005] uploaded article PR2-02 with 1 files
[6628/7005] uploaded article PR2-03 with 1 files
[6630/7005] uploaded article PRF-CHASNYKM with 1 files
[6629/7005] uploaded article PR2-04 with 1 files
[6633/7005] uploaded article PRF_ANIS with 1 files
[6632/7005] uploaded article PRFKARAS-MRH with 1 files
[6631/7005] uploaded article PRFB-GOR with 1 files
[6634/7005] uploaded article PRF_BG with 1 files
[6635/7005] uploaded article PRF_KM with 1 files
[6636/7005] uploaded article PRF_UK with 1 files
[6637/7005] uploaded article PT-CHESNOK-M with 1 files
[6638/7005] uploaded article PT-KLUBNIKA-M with 1 files
[6639/7005] uploaded article PT-MED-M with 1 files
[6640/7005] uploaded article PUBOILS020 with 1 files
[6642/7005] uploaded article PUBOILS035 with 1 files
[6641/7005] uploaded article PUBOILS027 with 1 files
[6643/7005] uploaded article PUBOILS036 with 1 files
[6645/7005] uploaded article PUCOMBO013 with 1 files
[6644/7005] uploaded article PUCOMBO008 with 1 files
[6646/7005] uploaded article PUCOMBO025 with 1 files
[6647/7005] uploaded article PUCOMBO028 with 1 files
[6648/7005] uploaded article PUCOMBO029 with 1 files
[6649/7005] uploaded article PUCOMBO033 with 1 files
[6651/7005] uploaded article PUHB14CC with 1 files
[6650/7005] uploaded article PUCOMBO044 with 1 files
[6652/7005] uploaded article PUHB14K with 1 files
[6653/7005] uploaded article PUHB14SC with 1 files
[6654/7005] uploaded article PUHB14SW with 1 files
[6655/7005] uploaded article PUHB14TN with 1 files
[6657/7005] uploaded article PUHB20K with 1 files
[6656/7005] uploaded article PUHB20CC with 1 files
[6658/7005] uploaded article PUHB20SC with 1 files
[6659/7005] uploaded article PUHB20TN with 1 files
[6660/7005] uploaded article PUPOPUP002 with 1 files
[6661/7005] uploaded article PUPOPUP005 with 1 files
[6663/7005] uploaded article PUPOPUP034 with 1 files
[6662/7005] uploaded article PUPOPUP008 with 1 files
[6664/7005] uploaded article PUPOPUP036 with 1 files
[6666/7005] uploaded article PUPOPUP041 with 1 files
[6665/7005] uploaded article PUPOPUP037 with 1 files
[6667/7005] uploaded article PUPOPUP044 with 1 files
[6668/7005] uploaded article PUPOPUP047 with 1 files
[6669/7005] uploaded article PUSFMK with 1 files
[6670/7005] uploaded article PUSFMKRR with 1 files
[6671/7005] uploaded article PUSFMP with 1 files
[6672/7005] uploaded article PUSFMSC with 1 files
[6673/7005] uploaded article PUSFMSP with 1 files
[6674/7005] uploaded article PUSFMSQ with 1 files
[6675/7005] uploaded article PUSFMSQS with 1 files
[6676/7005] uploaded article PUSFMSS with 1 files
[6678/7005] uploaded article PUSFMTN with 1 files
[6677/7005] uploaded article PUSFMSSM with 1 files
[6679/7005] uploaded article PUSFSW with 1 files
[6680/7005] uploaded article PUSLP001 with 1 files
[6681/7005] uploaded article PUSLP002 with 1 files
[6682/7005] uploaded article PUSLP003 with 1 files
[6683/7005] uploaded article PUSLP004 with 1 files
[6684/7005] uploaded article PUSLP005 with 1 files
[6685/7005] uploaded article PUSLP010 with 1 files
[6686/7005] uploaded article PUSLP011 with 1 files
[6687/7005] uploaded article PUSO14SC with 1 files
[6688/7005] uploaded article PUSO20SC with 1 files
[6689/7005] uploaded article PVT2022 with 1 files
[6690/7005] uploaded article PVT2122 with 1 files
[6691/7005] uploaded article PVT2128 with 1 files
[6692/7005] uploaded article QB28471 with 1 files
[6693/7005] uploaded article R95623 with 1 files
[6694/7005] uploaded article R95629 with 1 files
[6696/7005] uploaded article RA9905 with 1 files
[6695/7005] uploaded article RA9904 with 1 files
[6697/7005] uploaded article RA9914 with 1 files
[6698/7005] uploaded article RBS-3R-R with 1 files
[6699/7005] uploaded article RBS-Y with 1 files
[6700/7005] uploaded article RBSP-CH with 1 files
[6702/7005] uploaded article RIGER9.8G with 1 files
[6703/7005] uploaded article RM-2108236 with 1 files
[6701/7005] uploaded article RI 02907 with 1 files
[6705/7005] uploaded article S-B12-M with 1 files
[6704/7005] uploaded article RY2000 with 1 files
[6706/7005] uploaded article S-B16-2 with 1 files
[6709/7005] uploaded article SB10003 with 1 files
[6707/7005] uploaded article S150052 with 1 files
[6708/7005] uploaded article SA11-20F with 1 files
[6710/7005] uploaded article SB10008 with 1 files
[6711/7005] uploaded article SB10026 with 1 files
[6712/7005] uploaded article SB10071 with 1 files
[6714/7005] uploaded article SB11027 with 1 files
[6713/7005] uploaded article SB10079 with 1 files
[6715/7005] uploaded article SF23480 with 1 files
[6717/7005] uploaded article SF23673-10 with 1 files
[6716/7005] uploaded article SF23673-1 with 1 files
[6718/7005] uploaded article SF23673-7 with 1 files
[6719/7005] uploaded article SF23674-10 with 1 files
[6720/7005] uploaded article SF23674-5 with 1 files
[6721/7005] uploaded article SF23674-8 with 1 files
[6723/7005] uploaded article SF23675-10 with 1 files
[6722/7005] uploaded article SF23674-9 with 1 files
[6724/7005] uploaded article SF23675-4 with 1 files
[6725/7005] uploaded article SF23675-8 with 1 files
[6726/7005] uploaded article SF23675-9 with 1 files
[6727/7005] uploaded article SF23676-10 with 1 files
[6728/7005] uploaded article SF23676-6 with 1 files
[6729/7005] uploaded article SF23676-7 with 1 files
[6730/7005] uploaded article SF23744 with 1 files
[6731/7005] uploaded article SF23817 with 1 files
[6732/7005] uploaded article SF23908 with 1 files
[6733/7005] uploaded article SF23941-5 with 1 files
[6734/7005] uploaded article SF23941-6 with 1 files
[6735/7005] uploaded article SF23943-2 with 1 files
[6736/7005] uploaded article SF23943-3 with 1 files
[6737/7005] uploaded article SF23945 with 1 files
[6738/7005] uploaded article SF24006-16 with 1 files
[6739/7005] uploaded article SF24006-18 with 1 files
[6740/7005] uploaded article SF24006-2 with 1 files
[6741/7005] uploaded article SF24006-25 with 1 files
[6742/7005] uploaded article SF24006-3 with 1 files
[6743/7005] uploaded article SF24038 with 1 files
[6745/7005] uploaded article SF24110 with 1 files
[6744/7005] uploaded article SF24040 with 1 files
[6746/7005] uploaded article SF24113 with 1 files
[6747/7005] uploaded article SF24117 with 1 files
[6748/7005] uploaded article SF24120 with 1 files
[6749/7005] uploaded article SF24122 with 1 files
[6750/7005] uploaded article SF24122N with 1 files
[6751/7005] uploaded article SF24161-2 with 1 files
[6752/7005] uploaded article SF24161-3 with 1 files
[6754/7005] uploaded article SF24184-S15 with 1 files
[6753/7005] uploaded article SF24184-S10 with 1 files
[6756/7005] uploaded article SF24185-G10 with 1 files
[6755/7005] uploaded article SF24184-S18 with 1 files
[6757/7005] uploaded article SF24185-G15 with 1 files
[6758/7005] uploaded article SF24202 with 1 files
[6759/7005] uploaded article SF24205 with 1 files
[6760/7005] uploaded article SF24226 with 1 files
[6762/7005] uploaded article SF24232-3.9 with 1 files
[6761/7005] uploaded article SF24226-G with 1 files
[6763/7005] uploaded article SF24247 with 1 files
[6765/7005] uploaded article SG-10006 with 1 files
[6764/7005] uploaded article SF24273 with 1 files
[6766/7005] uploaded article SG5811.4G with 1 files
[6767/7005] uploaded article SK11111 with 1 files
[6768/7005] uploaded article SL1-01 with 1 files
[6769/7005] uploaded article SL1-02 with 1 files
[6770/7005] uploaded article SL1-03 with 1 files
[6771/7005] uploaded article SLHS-1802 with 1 files
[6772/7005] uploaded article SLHS-313 with 1 files
[6773/7005] uploaded article SLHS-321 with 1 files
[6774/7005] uploaded article SLHS-328 with 1 files
[6775/7005] uploaded article SN-020001-12g with 1 files
[6776/7005] uploaded article SN-020001-5g with 1 files
[6777/7005] uploaded article SN-020001-7g with 1 files
[6778/7005] uploaded article SN-020001-9g with 1 files
[6779/7005] uploaded article SP1-01 with 1 files
[6780/7005] uploaded article SP1-02 with 1 files
[6781/7005] uploaded article SP1-03 with 1 files
[6783/7005] uploaded article SPH524S with 1 files
[6782/7005] uploaded article SP1-04 with 1 files
[6784/7005] uploaded article SPO18103 with 1 files
[6786/7005] uploaded article SR-10006 with 1 files
[6785/7005] uploaded article SPSP-BL with 1 files
[6789/7005] uploaded article TG-INE095G with 1 files
[6788/7005] uploaded article TG-INE095F with 1 files
[6787/7005] uploaded article TG-INE095B with 1 files
[6791/7005] uploaded article TG-INE095Ñ with 1 files
[6790/7005] uploaded article TG-INE095J with 1 files
[6792/7005] uploaded article TG-INK110F with 1 files
[6793/7005] uploaded article TG-INK130R with 1 files
[6794/7005] uploaded article TP520 with 1 files
[6795/7005] uploaded article TR1-01 with 1 files
[6796/7005] uploaded article TR1-03 with 1 files
[6797/7005] uploaded article TRL702L with 1 files
[6798/7005] uploaded article UTRC-111 with 1 files
[6799/7005] uploaded article UTRC-112 with 1 files
[6800/7005] uploaded article VB-45F-A40 with 1 files
[6801/7005] uploaded article VJ-BA04FCN with 1 files
[6802/7005] uploaded article VJ-BA04FLA with 1 files
[6803/7005] uploaded article VJ-KA6FD with 1 files
[6804/7005] uploaded article VJ-KA6FOM with 1 files
[6805/7005] uploaded article VJ-KA8FC with 1 files
[6806/7005] uploaded article VJ-KA8FD with 1 files
[6807/7005] uploaded article VJ-KA8FKA with 1 files
[6808/7005] uploaded article VJ-KA8FNL with 1 files
[6810/7005] uploaded article VJ-KA8FOG with 1 files
[6811/7005] uploaded article VJ-KA8FSC with 1 files
[6809/7005] uploaded article VJ-KA8FO with 1 files
[6812/7005] uploaded article VJ-KA8FSL with 1 files
[6813/7005] uploaded article VJ-KA8FUK with 1 files
[6814/7005] uploaded article VJ-KA8FW with 1 files
[6817/7005] uploaded article VJ-KA9FKZ with 1 files
[6816/7005] uploaded article VJ-KA9FKA with 1 files
[6815/7005] uploaded article VJ-KA9FD with 1 files
[6819/7005] uploaded article VJ-KA9FP with 1 files
[6818/7005] uploaded article VJ-KA9FNL with 1 files
[6820/7005] uploaded article VJ-KA9FW with 1 files
[6821/7005] uploaded article VJ-KBO7FKRX with 1 files
[6822/7005] uploaded article VJ-KBO7FKSX with 1 files
[6825/7005] uploaded article VJ-KBO7FOEX with 1 files
[6824/7005] uploaded article VJ-KBO7FNAX with 1 files
[6826/7005] uploaded article VJ-KBO7FZAX with 1 files
[6827/7005] uploaded article VJ-M06FOM with 1 files
[6828/7005] uploaded article VJ-M08FON with 1 files
[6829/7005] uploaded article VJ-MAC05FBN with 1 files
[6831/7005] uploaded article VJ-PI12FPL with 1 files
[6830/7005] uploaded article VJ-MAC7FDN with 1 files
[6832/7005] uploaded article VJ-PJ10FPL with 1 files
[6833/7005] uploaded article VJ-PJ13FPL with 1 files
[6823/7005] uploaded article VJ-KBO7FKZX with 1 files
[6835/7005] uploaded article VJ-PK10FPD with 1 files
[6834/7005] uploaded article VJ-PK10FP with 1 files
[6836/7005] uploaded article VJ-PK10FPT with 1 files
[6837/7005] uploaded article VJ-PL06RH with 1 files
[6838/7005] uploaded article VODOGR58-BUBBEGUM with 1 files
[6840/7005] uploaded article VODOGR58-GORCHASN with 1 files
[6839/7005] uploaded article VODOGR58-CHASNYK with 1 files
[6841/7005] uploaded article VODOGR58-KONOPLYA with 1 files
[6842/7005] uploaded article VODOGR58-MED with 1 files
[6844/7005] uploaded article VODOGR58-SLYVA with 1 files
[6843/7005] uploaded article VODOGR58-POLUN with 1 files
[6847/7005] uploaded article VODOGR610-CHASNYK with 1 files
[6846/7005] uploaded article VODOGR610-BUBBEGUM with 1 files
[6845/7005] uploaded article VODOGR58-TIGR with 1 files
[6849/7005] uploaded article VODOGR610-KONOPLYA with 1 files
[6850/7005] uploaded article VODOGR610-MED with 1 files
[6848/7005] uploaded article VODOGR610-GORCHASNYK with 1 files
[6853/7005] uploaded article VODOGR610-TIGR with 1 files
[6851/7005] uploaded article VODOGR610-POLUN with 1 files
[6852/7005] uploaded article VODOGR610-SLYVA with 1 files
[6854/7005] uploaded article VODOGR812-BUBBEGUM with 1 files
[6856/7005] uploaded article VODOGR812-GORCHASNYK with 1 files
[6855/7005] uploaded article VODOGR812-CHASNYK with 1 files
[6858/7005] uploaded article VODOGR812-MED with 1 files
[6857/7005] uploaded article VODOGR812-KONOPLYA with 1 files
[6859/7005] uploaded article VODOGR812-POLUN with 1 files
[6860/7005] uploaded article VODOGR812-SLYVA with 1 files
[6862/7005] uploaded article VPR-65-C08 with 1 files
[6861/7005] uploaded article VODOGR812-TIGR with 1 files
[6863/7005] uploaded article VR-SD 060I with 1 files
[6864/7005] uploaded article VR-SF060B with 1 files
[6865/7005] uploaded article VR-SF070E with 1 files
[6866/7005] uploaded article VR-TI025F with 1 files
[6868/7005] uploaded article VR-XHG035B with 1 files
[6867/7005] uploaded article VR-XHG035A with 1 files
[6869/7005] uploaded article VR-XHG035C with 1 files
[6871/7005] uploaded article VR-XHG035F with 1 files
[6870/7005] uploaded article VR-XHG035D with 1 files
[6872/7005] uploaded article VR-XHG035G with 1 files
[6874/7005] uploaded article WAB-FA130 with 1 files
[6873/7005] uploaded article W808G with 1 files
[6877/7005] uploaded article WJ-CCD33060 with 1 files
[6876/7005] uploaded article WJ-ARJ24015 with 1 files
[6875/7005] uploaded article WDA-AL-130 with 1 files
[6879/7005] uploaded article WJ-DSD26523 with 1 files
[6878/7005] uploaded article WJ-CCD33090 with 1 files
[6880/7005] uploaded article WJ-INH2700160 with 1 files
[6881/7005] uploaded article WRB-G with 1 files
[6882/7005] uploaded article X-5055 with 1 files
[6883/7005] uploaded article X-5056 with 1 files
[6884/7005] uploaded article X00813A6 with 1 files
[6885/7005] uploaded article X00813A7 with 1 files
[6886/7005] uploaded article X5051 with 1 files
[6888/7005] uploaded article XJ-HYKA08BC with 1 files
[6887/7005] uploaded article X5052 with 1 files
[6889/7005] uploaded article XT888 with 1 files
[6890/7005] uploaded article Y-226055-JW with 1 files
[6891/7005] uploaded article Y-5040-240 with 1 files
[6892/7005] uploaded article Y-5077-198 with 1 files
[6894/7005] uploaded article Y-5079-218 with 1 files
[6893/7005] uploaded article Y-5078-218 with 1 files
[6895/7005] uploaded article YBQ-2616 with 1 files
[6896/7005] uploaded article YBQ-2700 with 1 files
[6897/7005] uploaded article YP-046 with 1 files
[6898/7005] uploaded article YQ11P with 1 files
[6899/7005] uploaded article YQ21 with 1 files
[6901/7005] uploaded article YQ23 with 1 files
[6900/7005] uploaded article YQ22UV with 1 files
[6902/7005] uploaded article YQ2P with 1 files
[6903/7005] uploaded article YQ7P with 1 files
[6904/7005] uploaded article ZJ-ETP010A with 1 files
[6905/7005] uploaded article ZJ-ETP010C with 1 files
[6906/7005] uploaded article ZJ-ETP012C with 1 files
[6907/7005] uploaded article ZJ-ETP016C with 1 files
[6908/7005] uploaded article ZJ-ETP020C with 1 files
[6910/7005] uploaded article ZJ-ETP027A with 1 files
[6909/7005] uploaded article ZJ-ETP022A with 1 files
[6911/7005] uploaded article ZJ-HOF022A with 1 files
[6912/7005] uploaded article ZJ-HOP008C with 1 files
[6913/7005] uploaded article ZJ-HOP010C with 1 files
[6914/7005] uploaded article ZJ-HOP012C with 1 files
[6915/7005] uploaded article ZJ-HOP014C with 1 files
[6916/7005] uploaded article ZJ-HOP016C with 1 files
[6917/7005] uploaded article ZJ-HOP018C with 1 files
[6918/7005] uploaded article ZJ-HOP020A with 1 files
[6919/7005] uploaded article ZJ-HOP022A with 1 files
[6920/7005] uploaded article ZJ-HOP022C with 1 files
[6921/7005] uploaded article ZJ-HOPO18A with 1 files
[6922/7005] uploaded article ZJ-INF025A with 1 files
[6923/7005] uploaded article ZJ-INP008C with 1 files
[6924/7005] uploaded article ZJ-INP010C with 1 files
[6925/7005] uploaded article ZJ-INP012C with 1 files
[6926/7005] uploaded article ZJ-INP014C with 1 files
[6927/7005] uploaded article ZJ-INP016C with 1 files
[6928/7005] uploaded article ZJ-INP018C with 1 files
[6929/7005] uploaded article ZJ-INP020C with 1 files
[6931/7005] uploaded article ZJ-INP022À with 1 files
[6930/7005] uploaded article ZJ-INP022C with 1 files
[6932/7005] uploaded article ZJ-INP025À with 1 files
[6933/7005] uploaded article ZJ-INP027À with 1 files
[6934/7005] uploaded article ZJ-INS020A with 1 files
[6935/7005] uploaded article ZJ-INS022A with 1 files
[6936/7005] uploaded article ZJ-MEF025A with 1 files
[6937/7005] uploaded article ZJ-MEF027A with 1 files
[6938/7005] uploaded article ZJ-MEF032A with 1 files
[6939/7005] uploaded article ZJ-SAGP035F with 1 files
[6940/7005] uploaded article ZJ-SAGP040F with 1 files
[6941/7005] uploaded article ZJ-SAP008C with 1 files
[6942/7005] uploaded article ZJ-SAP010C with 1 files
[6943/7005] uploaded article ZJ-SAP014C with 1 files
[6944/7005] uploaded article ZJ-SAP016C with 1 files
[6947/7005] uploaded article ZJ-SAP025A with 1 files
[6946/7005] uploaded article ZJ-SAP022A with 1 files
[6948/7005] uploaded article ZJ-SAP027A with 1 files
[6949/7005] uploaded article ZJ-SAP030A with 1 files
[6951/7005] uploaded article ZJ-URP035G with 1 files
[6950/7005] uploaded article ZJ-SAP032A with 1 files
[6945/7005] uploaded article ZJ-SAP020C with 1 files
[6954/7005] uploaded article dj#1-4g with 1 files
[6952/7005] uploaded article ZJ-URP040G with 1 files
[6953/7005] uploaded article ZX6560252 with 1 files
[6956/7005] uploaded article dj#2-3g with 1 files
[6955/7005] uploaded article dj#1-5g with 1 files
[6957/7005] uploaded article dj#2-4g with 1 files
[6960/7005] uploaded article À22-120 with 1 files
[6959/7005] uploaded article k-016¹10 with 1 files
[6958/7005] uploaded article k-006#2 with 1 files
[6963/7005] uploaded article ÀÑ2015 with 1 files
[6961/7005] uploaded article À23-100 with 1 files
[6962/7005] uploaded article ÀÑ2013 with 1 files
[6965/7005] uploaded article ÀÑ2018 with 1 files
[6966/7005] uploaded article ÀÑ2036 with 1 files
[6964/7005] uploaded article ÀÑ2016 with 1 files
[6968/7005] uploaded article ÀÑ2045 with 1 files
[6969/7005] uploaded article ÀÑ2048 with 1 files
[6967/7005] uploaded article ÀÑ2037 with 1 files
[6971/7005] uploaded article ÀÑ2070 with 1 files
[6970/7005] uploaded article ÀÑ2069 with 1 files
[6972/7005] uploaded article ÀÑ2085 with 1 files
[6973/7005] uploaded article ÀÑ2086 with 1 files
[6975/7005] uploaded article ÊÂ16014 with 1 files
[6974/7005] uploaded article ÀÑ2087 with 1 files
[6976/7005] uploaded article ÊÓ260 with 1 files
[6978/7005] uploaded article Ð0325-5 with 1 files
[6977/7005] uploaded article Ð0320-5 with 1 files
[6981/7005] uploaded article Ð0330-3 with 1 files
[6979/7005] uploaded article Ð0330-121 with 1 files
[6980/7005] uploaded article Ð0330-2 with 1 files
[6984/7005] uploaded article Ð0840-2 with 1 files
[6983/7005] uploaded article Ð0840-1 with 1 files
[6982/7005] uploaded article Ð0825-5 with 1 files
[6986/7005] uploaded article Ð0850-2 with 1 files
[6985/7005] uploaded article Ð0850-1 with 1 files
[6987/7005] uploaded article Ð0850-3 with 1 files
[6988/7005] uploaded article Ð0850-5 with 1 files
[6989/7005] uploaded article Ð2825-2 with 1 files
[6990/7005] uploaded article Ð2825-3 with 1 files
[6992/7005] uploaded article Ð2830-3 with 1 files
[6991/7005] uploaded article Ð2830-2 with 1 files
[6993/7005] uploaded article Ð2840-3 with 1 files
[6996/7005] uploaded article ÑÒ-1 ¹2 with 1 files
[6994/7005] uploaded article ÐÎ825-2 with 1 files
[6995/7005] uploaded article ÐÎ830-2 with 1 files
[6997/7005] uploaded article ÑÒ-1 ¹6 with 1 files
[6998/7005] uploaded article ÑÒ-3 ¹2 with 1 files
[6999/7005] uploaded article ÑÒ-3 ¹4 with 1 files
[7000/7005] uploaded article ÑÒ-3 ¹8 with 1 files
[7002/7005] uploaded article ÑÒ-4 ¹4 with 1 files
[7001/7005] uploaded article ÑÒ-4 ¹2 with 1 files
[7005/7005] uploaded article ÑÒ-5 ¹8 with 1 files
[7004/7005] uploaded article ÑÒ-5 ¹6 with 1 files
[7003/7005] uploaded article ÑÒ-4 ¹6 with 1 files
{
  "articles_total": 7005,
  "uploaded_articles": 7005,
  "failed_articles": 0,
  "report": "data\\placeholder_restore_upload_report_20260608.json"
}
